username,email,full_name,time_to_submit_ms,label
normal0,normal0@hotmail.com,User 0,1191,0
student1,student1@outlook.com,User 1,1484,0
student2,student2@yahoo.com,User 2,754,0
wissal3,wissal3@gmail.com,User 3,649,0
user4,user4@hotmail.com,User 4,2540,0
wissal5,wissal5@gmail.com,User 5,1363,0
alpha6,alpha6@hotmail.com,User 6,1172,0
wissal7,wissal7@hotmail.com,User 7,507,0
user8,user8@spam.com,User 8,785,1
user9,user9@outlook.com,User 9,1787,0
spammer10,spammer10@example.com,User 10,1519,0
normal11,normal11@spam.com,User 11,2614,1
test12,test12@yahoo.com,User 12,1405,0
student13,student13@fraud.net,User 13,1263,1
gamma14,gamma14@hotmail.com,User 14,1640,0
gamma15,gamma15@hotmail.com,User 15,2546,0
beta16,beta16@outlook.com,User 16,475,0
wissal17,wissal17@gmail.com,User 17,1459,0
bot18,bot18@yahoo.com,User 18,1684,0
spammer19,spammer19@hotmail.com,User 19,2455,0
wissal20,wissal20@hotmail.com,User 20,1075,0
beta21,beta21@example.com,User 21,184,1
beta22,beta22@hotmail.com,User 22,2147,0
bot23,bot23@example.com,User 23,2590,0
gamma24,gamma24@tempmail.com,User 24,2582,1
test25,test25@fake.org,User 25,1435,1
normal26,normal26@example.com,User 26,160,1
beta27,beta27@spam.com,User 27,778,1
wissal28,wissal28@gmail.com,User 28,2470,0
beta29,beta29@hotmail.com,User 29,2292,0
test30,test30@example.com,User 30,761,0
spammer31,spammer31@hotmail.com,User 31,2305,0
alpha32,alpha32@yahoo.com,User 32,115,1
gamma33,gamma33@gmail.com,User 33,581,0
alpha34,alpha34@gmail.com,User 34,2350,0
alpha35,alpha35@gmail.com,User 35,1861,0
wissal36,wissal36@tempmail.com,User 36,2520,1
beta37,beta37@example.com,User 37,786,0
user38,user38@outlook.com,User 38,240,1
bot39,bot39@gmail.com,User 39,1049,0
normal40,normal40@gmail.com,User 40,663,0
gamma41,gamma41@outlook.com,User 41,2265,0
normal42,normal42@hotmail.com,User 42,317,1
normal43,normal43@outlook.com,User 43,1852,0
user44,user44@yahoo.com,User 44,1640,0
beta45,beta45@example.com,User 45,1405,0
student46,student46@example.com,User 46,715,0
beta47,beta47@yahoo.com,User 47,2505,0
beta48,beta48@outlook.com,User 48,1217,0
test49,test49@hotmail.com,User 49,761,0
wissal50,wissal50@tempmail.com,User 50,1472,1
alpha51,alpha51@gmail.com,User 51,1608,0
wissal52,wissal52@tempmail.com,User 52,2143,1
test53,test53@hotmail.com,User 53,716,0
user54,user54@tempmail.com,User 54,2653,1
bot55,bot55@yahoo.com,User 55,2272,0
gamma56,gamma56@example.com,User 56,383,1
student57,student57@tempmail.com,User 57,2853,1
user58,user58@gmail.com,User 58,1645,0
normal59,normal59@hotmail.com,User 59,2433,0
spammer60,spammer60@outlook.com,User 60,556,0
gamma61,gamma61@example.com,User 61,1696,0
spammer62,spammer62@outlook.com,User 62,1573,0
bot63,bot63@outlook.com,User 63,1795,0
user64,user64@yahoo.com,User 64,1553,0
wissal65,wissal65@gmail.com,User 65,2046,0
student66,student66@outlook.com,User 66,2259,0
user67,user67@hotmail.com,User 67,903,0
spammer68,spammer68@gmail.com,User 68,2999,0
spammer69,spammer69@fake.org,User 69,813,1
normal70,normal70@yahoo.com,User 70,116,1
gamma71,gamma71@hotmail.com,User 71,2176,0
bot72,bot72@spam.com,User 72,1163,1
student73,student73@tempmail.com,User 73,881,1
user74,user74@hotmail.com,User 74,2390,0
student75,student75@hotmail.com,User 75,1344,0
test76,test76@outlook.com,User 76,1527,0
gamma77,gamma77@hotmail.com,User 77,2375,0
beta78,beta78@example.com,User 78,240,1
wissal79,wissal79@yahoo.com,User 79,1818,0
normal80,normal80@gmail.com,User 80,447,0
wissal81,wissal81@outlook.com,User 81,2730,0
beta82,beta82@spam.com,User 82,2819,1
spammer83,spammer83@example.com,User 83,1975,0
wissal84,wissal84@hotmail.com,User 84,598,0
normal85,normal85@example.com,User 85,2014,0
gamma86,gamma86@example.com,User 86,2059,0
test87,test87@outlook.com,User 87,1935,0
test88,test88@tempmail.com,User 88,256,1
gamma89,gamma89@gmail.com,User 89,1691,0
beta90,beta90@example.com,User 90,2845,0
wissal91,wissal91@example.com,User 91,2206,0
spammer92,spammer92@fake.org,User 92,1934,1
alpha93,alpha93@example.com,User 93,2912,0
test94,test94@fake.org,User 94,2132,1
user95,user95@yahoo.com,User 95,1732,0
normal96,normal96@outlook.com,User 96,207,1
student97,student97@outlook.com,User 97,811,0
alpha98,alpha98@yahoo.com,User 98,1648,0
test99,test99@fake.org,User 99,1565,1
alpha100,alpha100@fake.org,User 100,680,1
beta101,beta101@yahoo.com,User 101,523,0
beta102,beta102@spam.com,User 102,2789,1
spammer103,spammer103@spam.com,User 103,2980,1
bot104,bot104@outlook.com,User 104,990,0
gamma105,gamma105@spam.com,User 105,1975,1
student106,student106@outlook.com,User 106,1638,0
normal107,normal107@fraud.net,User 107,2324,1
normal108,normal108@gmail.com,User 108,2151,0
spammer109,spammer109@example.com,User 109,1605,0
beta110,beta110@outlook.com,User 110,1567,0
gamma111,gamma111@yahoo.com,User 111,2732,0
alpha112,alpha112@example.com,User 112,285,1
alpha113,alpha113@fraud.net,User 113,1638,1
beta114,beta114@outlook.com,User 114,2219,0
student115,student115@hotmail.com,User 115,1188,0
test116,test116@outlook.com,User 116,2206,0
beta117,beta117@example.com,User 117,1166,0
beta118,beta118@fraud.net,User 118,1494,1
bot119,bot119@hotmail.com,User 119,2560,0
beta120,beta120@outlook.com,User 120,1277,0
user121,user121@hotmail.com,User 121,2739,0
normal122,normal122@tempmail.com,User 122,2849,1
student123,student123@gmail.com,User 123,2031,0
alpha124,alpha124@hotmail.com,User 124,2376,0
test125,test125@gmail.com,User 125,1528,0
bot126,bot126@outlook.com,User 126,2787,0
beta127,beta127@yahoo.com,User 127,2005,0
student128,student128@outlook.com,User 128,675,0
spammer129,spammer129@fake.org,User 129,330,1
normal130,normal130@example.com,User 130,1173,0
bot131,bot131@fake.org,User 131,666,1
student132,student132@tempmail.com,User 132,2062,1
user133,user133@example.com,User 133,2481,0
beta134,beta134@tempmail.com,User 134,2820,1
user135,user135@tempmail.com,User 135,1885,1
student136,student136@tempmail.com,User 136,433,1
bot137,bot137@tempmail.com,User 137,2879,1
spammer138,spammer138@spam.com,User 138,1706,1
normal139,normal139@yahoo.com,User 139,1918,0
alpha140,alpha140@yahoo.com,User 140,154,1
gamma141,gamma141@outlook.com,User 141,573,0
bot142,bot142@gmail.com,User 142,668,0
normal143,normal143@spam.com,User 143,491,1
spammer144,spammer144@tempmail.com,User 144,908,1
alpha145,alpha145@fraud.net,User 145,2019,1
user146,user146@fake.org,User 146,127,1
beta147,beta147@tempmail.com,User 147,708,1
spammer148,spammer148@outlook.com,User 148,1590,0
alpha149,alpha149@outlook.com,User 149,2108,0
alpha150,alpha150@gmail.com,User 150,2534,0
test151,test151@spam.com,User 151,1750,1
normal152,normal152@hotmail.com,User 152,1878,0
gamma153,gamma153@fake.org,User 153,1857,1
wissal154,wissal154@outlook.com,User 154,744,0
test155,test155@yahoo.com,User 155,616,0
bot156,bot156@gmail.com,User 156,141,1
bot157,bot157@example.com,User 157,1511,0
user158,user158@fraud.net,User 158,2714,1
test159,test159@hotmail.com,User 159,2193,0
bot160,bot160@fake.org,User 160,2050,1
normal161,normal161@tempmail.com,User 161,820,1
student162,student162@example.com,User 162,2490,0
beta163,beta163@hotmail.com,User 163,2541,0
bot164,bot164@hotmail.com,User 164,730,0
spammer165,spammer165@example.com,User 165,974,0
wissal166,wissal166@gmail.com,User 166,2947,0
test167,test167@fake.org,User 167,277,1
normal168,normal168@outlook.com,User 168,1674,0
test169,test169@outlook.com,User 169,1431,0
beta170,beta170@fraud.net,User 170,1517,1
user171,user171@hotmail.com,User 171,1670,0
beta172,beta172@gmail.com,User 172,1173,0
test173,test173@example.com,User 173,1580,0
bot174,bot174@tempmail.com,User 174,2507,1
alpha175,alpha175@example.com,User 175,118,1
wissal176,wissal176@yahoo.com,User 176,577,0
user177,user177@gmail.com,User 177,1048,0
user178,user178@outlook.com,User 178,1478,0
student179,student179@fake.org,User 179,1037,1
gamma180,gamma180@outlook.com,User 180,2118,0
bot181,bot181@outlook.com,User 181,868,0
beta182,beta182@outlook.com,User 182,2249,0
wissal183,wissal183@gmail.com,User 183,2672,0
test184,test184@outlook.com,User 184,2375,0
student185,student185@gmail.com,User 185,768,0
alpha186,alpha186@example.com,User 186,322,1
gamma187,gamma187@fake.org,User 187,683,1
normal188,normal188@hotmail.com,User 188,1868,0
test189,test189@gmail.com,User 189,2925,0
wissal190,wissal190@tempmail.com,User 190,609,1
user191,user191@tempmail.com,User 191,2118,1
test192,test192@fake.org,User 192,2456,1
bot193,bot193@hotmail.com,User 193,1240,0
alpha194,alpha194@yahoo.com,User 194,848,0
spammer195,spammer195@hotmail.com,User 195,1995,0
wissal196,wissal196@yahoo.com,User 196,877,0
normal197,normal197@yahoo.com,User 197,2704,0
beta198,beta198@yahoo.com,User 198,2211,0
beta199,beta199@hotmail.com,User 199,2359,0
student200,student200@gmail.com,User 200,2204,0
spammer201,spammer201@yahoo.com,User 201,2376,0
user202,user202@fake.org,User 202,2409,1
wissal203,wissal203@example.com,User 203,719,0
wissal204,wissal204@yahoo.com,User 204,2179,0
bot205,bot205@hotmail.com,User 205,702,0
wissal206,wissal206@hotmail.com,User 206,2748,0
wissal207,wissal207@tempmail.com,User 207,126,1
alpha208,alpha208@hotmail.com,User 208,264,1
test209,test209@fake.org,User 209,2365,1
beta210,beta210@gmail.com,User 210,1559,0
beta211,beta211@outlook.com,User 211,1874,0
user212,user212@example.com,User 212,524,0
bot213,bot213@tempmail.com,User 213,1227,1
student214,student214@yahoo.com,User 214,1168,0
wissal215,wissal215@example.com,User 215,896,0
beta216,beta216@gmail.com,User 216,2444,0
spammer217,spammer217@gmail.com,User 217,2141,0
gamma218,gamma218@spam.com,User 218,1289,1
normal219,normal219@hotmail.com,User 219,1736,0
student220,student220@example.com,User 220,919,0
test221,test221@yahoo.com,User 221,2310,0
normal222,normal222@gmail.com,User 222,1067,0
test223,test223@gmail.com,User 223,2989,0
alpha224,alpha224@hotmail.com,User 224,2403,0
wissal225,wissal225@gmail.com,User 225,782,0
alpha226,alpha226@outlook.com,User 226,767,0
spammer227,spammer227@example.com,User 227,1186,0
bot228,bot228@gmail.com,User 228,1274,0
spammer229,spammer229@spam.com,User 229,2935,1
normal230,normal230@hotmail.com,User 230,440,0
spammer231,spammer231@fraud.net,User 231,1125,1
wissal232,wissal232@example.com,User 232,2334,0
test233,test233@yahoo.com,User 233,378,1
beta234,beta234@fake.org,User 234,2521,1
beta235,beta235@example.com,User 235,1443,0
beta236,beta236@example.com,User 236,1955,0
student237,student237@outlook.com,User 237,1976,0
alpha238,alpha238@tempmail.com,User 238,351,1
student239,student239@hotmail.com,User 239,883,0
gamma240,gamma240@hotmail.com,User 240,2051,0
bot241,bot241@fake.org,User 241,2713,1
beta242,beta242@spam.com,User 242,1041,1
bot243,bot243@tempmail.com,User 243,2644,1
bot244,bot244@yahoo.com,User 244,993,0
gamma245,gamma245@tempmail.com,User 245,2232,1
user246,user246@fraud.net,User 246,1940,1
user247,user247@tempmail.com,User 247,2691,1
alpha248,alpha248@gmail.com,User 248,440,0
user249,user249@spam.com,User 249,828,1
student250,student250@yahoo.com,User 250,2945,0
alpha251,alpha251@fraud.net,User 251,680,1
user252,user252@hotmail.com,User 252,1606,0
gamma253,gamma253@example.com,User 253,2238,0
normal254,normal254@hotmail.com,User 254,2703,0
alpha255,alpha255@hotmail.com,User 255,1211,0
wissal256,wissal256@hotmail.com,User 256,1764,0
wissal257,wissal257@example.com,User 257,2755,0
test258,test258@fraud.net,User 258,2127,1
student259,student259@hotmail.com,User 259,1972,0
normal260,normal260@example.com,User 260,969,0
gamma261,gamma261@fake.org,User 261,900,1
alpha262,alpha262@outlook.com,User 262,1152,0
wissal263,wissal263@fake.org,User 263,1312,1
bot264,bot264@fraud.net,User 264,2685,1
beta265,beta265@hotmail.com,User 265,353,1
user266,user266@fraud.net,User 266,1502,1
test267,test267@example.com,User 267,1230,0
test268,test268@example.com,User 268,238,1
wissal269,wissal269@example.com,User 269,630,0
normal270,normal270@hotmail.com,User 270,2099,0
user271,user271@tempmail.com,User 271,486,1
normal272,normal272@fraud.net,User 272,857,1
bot273,bot273@yahoo.com,User 273,1495,0
wissal274,wissal274@spam.com,User 274,1197,1
spammer275,spammer275@gmail.com,User 275,2855,0
gamma276,gamma276@yahoo.com,User 276,680,0
bot277,bot277@fake.org,User 277,2857,1
normal278,normal278@fake.org,User 278,2536,1
student279,student279@example.com,User 279,589,0
wissal280,wissal280@fake.org,User 280,877,1
spammer281,spammer281@fake.org,User 281,1376,1
normal282,normal282@fraud.net,User 282,1021,1
user283,user283@outlook.com,User 283,2908,0
spammer284,spammer284@outlook.com,User 284,1174,0
bot285,bot285@gmail.com,User 285,2904,0
user286,user286@yahoo.com,User 286,181,1
user287,user287@gmail.com,User 287,1985,0
gamma288,gamma288@tempmail.com,User 288,750,1
beta289,beta289@yahoo.com,User 289,2314,0
gamma290,gamma290@fake.org,User 290,2399,1
beta291,beta291@fake.org,User 291,1473,1
student292,student292@fake.org,User 292,1739,1
wissal293,wissal293@hotmail.com,User 293,1725,0
bot294,bot294@yahoo.com,User 294,494,0
bot295,bot295@tempmail.com,User 295,1384,1
bot296,bot296@outlook.com,User 296,1224,0
user297,user297@example.com,User 297,1556,0
wissal298,wissal298@gmail.com,User 298,2258,0
spammer299,spammer299@example.com,User 299,800,0
student300,student300@fraud.net,User 300,2576,1
alpha301,alpha301@hotmail.com,User 301,2693,0
wissal302,wissal302@yahoo.com,User 302,2167,0
beta303,beta303@example.com,User 303,2366,0
beta304,beta304@hotmail.com,User 304,2625,0
user305,user305@hotmail.com,User 305,1984,0
test306,test306@yahoo.com,User 306,652,0
alpha307,alpha307@fake.org,User 307,1049,1
normal308,normal308@tempmail.com,User 308,823,1
bot309,bot309@spam.com,User 309,2917,1
bot310,bot310@fraud.net,User 310,1192,1
test311,test311@hotmail.com,User 311,2040,0
alpha312,alpha312@tempmail.com,User 312,2325,1
student313,student313@gmail.com,User 313,1324,0
wissal314,wissal314@outlook.com,User 314,1068,0
beta315,beta315@example.com,User 315,507,0
test316,test316@fraud.net,User 316,494,1
gamma317,gamma317@outlook.com,User 317,2429,0
user318,user318@gmail.com,User 318,631,0
alpha319,alpha319@example.com,User 319,1974,0
user320,user320@fake.org,User 320,462,1
test321,test321@hotmail.com,User 321,1489,0
user322,user322@outlook.com,User 322,632,0
normal323,normal323@yahoo.com,User 323,1921,0
beta324,beta324@gmail.com,User 324,874,0
student325,student325@gmail.com,User 325,2559,0
normal326,normal326@hotmail.com,User 326,2981,0
gamma327,gamma327@spam.com,User 327,876,1
normal328,normal328@gmail.com,User 328,2302,0
student329,student329@yahoo.com,User 329,797,0
gamma330,gamma330@example.com,User 330,2044,0
spammer331,spammer331@gmail.com,User 331,2115,0
normal332,normal332@fraud.net,User 332,2713,1
test333,test333@tempmail.com,User 333,1680,1
bot334,bot334@fake.org,User 334,2230,1
test335,test335@hotmail.com,User 335,340,1
normal336,normal336@yahoo.com,User 336,538,0
bot337,bot337@fake.org,User 337,412,1
spammer338,spammer338@example.com,User 338,2034,0
normal339,normal339@tempmail.com,User 339,1794,1
gamma340,gamma340@example.com,User 340,859,0
alpha341,alpha341@gmail.com,User 341,1701,0
normal342,normal342@example.com,User 342,1920,0
gamma343,gamma343@example.com,User 343,600,0
alpha344,alpha344@fake.org,User 344,787,1
alpha345,alpha345@yahoo.com,User 345,2958,0
student346,student346@tempmail.com,User 346,1338,1
alpha347,alpha347@example.com,User 347,2441,0
student348,student348@tempmail.com,User 348,891,1
beta349,beta349@yahoo.com,User 349,1254,0
bot350,bot350@outlook.com,User 350,2465,0
user351,user351@tempmail.com,User 351,146,1
bot352,bot352@gmail.com,User 352,1049,0
beta353,beta353@gmail.com,User 353,1681,0
beta354,beta354@yahoo.com,User 354,1489,0
test355,test355@example.com,User 355,1990,0
student356,student356@yahoo.com,User 356,1318,0
alpha357,alpha357@hotmail.com,User 357,1226,0
gamma358,gamma358@gmail.com,User 358,2063,0
alpha359,alpha359@fake.org,User 359,1773,1
test360,test360@fake.org,User 360,120,1
normal361,normal361@example.com,User 361,1690,0
beta362,beta362@example.com,User 362,2209,0
wissal363,wissal363@outlook.com,User 363,950,0
test364,test364@hotmail.com,User 364,1557,0
test365,test365@yahoo.com,User 365,680,0
bot366,bot366@hotmail.com,User 366,2645,0
gamma367,gamma367@hotmail.com,User 367,545,0
normal368,normal368@example.com,User 368,1403,0
gamma369,gamma369@outlook.com,User 369,660,0
bot370,bot370@fraud.net,User 370,1444,1
spammer371,spammer371@hotmail.com,User 371,1487,0
wissal372,wissal372@gmail.com,User 372,662,0
bot373,bot373@tempmail.com,User 373,2900,1
bot374,bot374@fake.org,User 374,496,1
user375,user375@hotmail.com,User 375,1649,0
user376,user376@outlook.com,User 376,1182,0
wissal377,wissal377@fake.org,User 377,636,1
wissal378,wissal378@fake.org,User 378,2321,1
beta379,beta379@outlook.com,User 379,1861,0
gamma380,gamma380@outlook.com,User 380,1915,0
gamma381,gamma381@example.com,User 381,1067,0
beta382,beta382@gmail.com,User 382,1231,0
bot383,bot383@gmail.com,User 383,1001,0
gamma384,gamma384@fake.org,User 384,1137,1
alpha385,alpha385@yahoo.com,User 385,896,0
beta386,beta386@gmail.com,User 386,1427,0
student387,student387@outlook.com,User 387,2603,0
test388,test388@yahoo.com,User 388,1237,0
user389,user389@yahoo.com,User 389,1960,0
gamma390,gamma390@outlook.com,User 390,1210,0
bot391,bot391@gmail.com,User 391,1859,0
bot392,bot392@yahoo.com,User 392,413,0
alpha393,alpha393@hotmail.com,User 393,2365,0
student394,student394@yahoo.com,User 394,2568,0
spammer395,spammer395@gmail.com,User 395,2178,0
beta396,beta396@yahoo.com,User 396,624,0
gamma397,gamma397@outlook.com,User 397,1617,0
spammer398,spammer398@outlook.com,User 398,1069,0
bot399,bot399@gmail.com,User 399,108,1
gamma400,gamma400@tempmail.com,User 400,2876,1
user401,user401@example.com,User 401,287,1
user402,user402@fake.org,User 402,2386,1
normal403,normal403@fraud.net,User 403,247,1
wissal404,wissal404@outlook.com,User 404,2130,0
gamma405,gamma405@example.com,User 405,1454,0
wissal406,wissal406@tempmail.com,User 406,2610,1
student407,student407@outlook.com,User 407,2634,0
user408,user408@gmail.com,User 408,418,0
wissal409,wissal409@hotmail.com,User 409,1647,0
wissal410,wissal410@gmail.com,User 410,2580,0
student411,student411@outlook.com,User 411,489,0
alpha412,alpha412@hotmail.com,User 412,1972,0
user413,user413@gmail.com,User 413,215,1
normal414,normal414@example.com,User 414,2422,0
student415,student415@fake.org,User 415,2765,1
wissal416,wissal416@example.com,User 416,1438,0
bot417,bot417@spam.com,User 417,304,1
test418,test418@example.com,User 418,1044,0
test419,test419@hotmail.com,User 419,1303,0
spammer420,spammer420@spam.com,User 420,240,1
wissal421,wissal421@gmail.com,User 421,2926,0
student422,student422@outlook.com,User 422,2617,0
alpha423,alpha423@spam.com,User 423,1685,1
alpha424,alpha424@yahoo.com,User 424,372,1
gamma425,gamma425@example.com,User 425,945,0
beta426,beta426@hotmail.com,User 426,322,1
test427,test427@spam.com,User 427,2695,1
student428,student428@example.com,User 428,2873,0
bot429,bot429@outlook.com,User 429,1208,0
beta430,beta430@hotmail.com,User 430,1513,0
user431,user431@hotmail.com,User 431,1644,0
beta432,beta432@example.com,User 432,1540,0
gamma433,gamma433@outlook.com,User 433,2137,0
test434,test434@hotmail.com,User 434,586,0
spammer435,spammer435@fraud.net,User 435,2471,1
spammer436,spammer436@fake.org,User 436,1910,1
student437,student437@gmail.com,User 437,2118,0
wissal438,wissal438@gmail.com,User 438,911,0
test439,test439@outlook.com,User 439,477,0
alpha440,alpha440@hotmail.com,User 440,2048,0
alpha441,alpha441@example.com,User 441,930,0
gamma442,gamma442@hotmail.com,User 442,888,0
gamma443,gamma443@hotmail.com,User 443,1098,0
normal444,normal444@spam.com,User 444,932,1
wissal445,wissal445@tempmail.com,User 445,2768,1
normal446,normal446@hotmail.com,User 446,2330,0
test447,test447@fake.org,User 447,967,1
bot448,bot448@hotmail.com,User 448,498,0
student449,student449@outlook.com,User 449,1603,0
spammer450,spammer450@example.com,User 450,411,0
wissal451,wissal451@example.com,User 451,2939,0
normal452,normal452@yahoo.com,User 452,2480,0
alpha453,alpha453@example.com,User 453,1790,0
beta454,beta454@outlook.com,User 454,2188,0
spammer455,spammer455@fake.org,User 455,2714,1
alpha456,alpha456@hotmail.com,User 456,2479,0
alpha457,alpha457@outlook.com,User 457,1798,0
student458,student458@tempmail.com,User 458,1222,1
test459,test459@gmail.com,User 459,1149,0
alpha460,alpha460@gmail.com,User 460,527,0
test461,test461@yahoo.com,User 461,726,0
gamma462,gamma462@hotmail.com,User 462,1174,0
bot463,bot463@hotmail.com,User 463,2919,0
user464,user464@outlook.com,User 464,2115,0
normal465,normal465@tempmail.com,User 465,1850,1
normal466,normal466@hotmail.com,User 466,180,1
student467,student467@yahoo.com,User 467,252,1
normal468,normal468@fraud.net,User 468,2362,1
wissal469,wissal469@gmail.com,User 469,852,0
user470,user470@outlook.com,User 470,1859,0
test471,test471@spam.com,User 471,1609,1
user472,user472@hotmail.com,User 472,1067,0
wissal473,wissal473@gmail.com,User 473,1446,0
alpha474,alpha474@spam.com,User 474,1493,1
beta475,beta475@hotmail.com,User 475,1327,0
normal476,normal476@gmail.com,User 476,2524,0
normal477,normal477@gmail.com,User 477,1684,0
normal478,normal478@hotmail.com,User 478,2751,0
beta479,beta479@tempmail.com,User 479,1883,1
wissal480,wissal480@example.com,User 480,1633,0
alpha481,alpha481@fake.org,User 481,902,1
test482,test482@hotmail.com,User 482,798,0
bot483,bot483@spam.com,User 483,708,1
alpha484,alpha484@outlook.com,User 484,1637,0
beta485,beta485@fraud.net,User 485,549,1
spammer486,spammer486@yahoo.com,User 486,757,0
student487,student487@yahoo.com,User 487,2688,0
user488,user488@outlook.com,User 488,123,1
alpha489,alpha489@example.com,User 489,1993,0
beta490,beta490@outlook.com,User 490,1561,0
student491,student491@tempmail.com,User 491,2358,1
test492,test492@gmail.com,User 492,1685,0
wissal493,wissal493@tempmail.com,User 493,1649,1
wissal494,wissal494@yahoo.com,User 494,973,0
bot495,bot495@tempmail.com,User 495,733,1
beta496,beta496@yahoo.com,User 496,210,1
alpha497,alpha497@fake.org,User 497,1517,1
alpha498,alpha498@fraud.net,User 498,1879,1
gamma499,gamma499@tempmail.com,User 499,1893,1
student500,student500@hotmail.com,User 500,617,0
alpha501,alpha501@tempmail.com,User 501,2194,1
beta502,beta502@tempmail.com,User 502,1642,1
student503,student503@yahoo.com,User 503,2448,0
alpha504,alpha504@tempmail.com,User 504,316,1
wissal505,wissal505@yahoo.com,User 505,877,0
bot506,bot506@hotmail.com,User 506,1863,0
beta507,beta507@gmail.com,User 507,1387,0
test508,test508@gmail.com,User 508,2273,0
alpha509,alpha509@example.com,User 509,1607,0
normal510,normal510@yahoo.com,User 510,1832,0
normal511,normal511@gmail.com,User 511,1506,0
beta512,beta512@gmail.com,User 512,2397,0
alpha513,alpha513@gmail.com,User 513,2874,0
bot514,bot514@spam.com,User 514,1587,1
student515,student515@tempmail.com,User 515,2657,1
test516,test516@fraud.net,User 516,766,1
test517,test517@hotmail.com,User 517,2362,0
wissal518,wissal518@outlook.com,User 518,584,0
student519,student519@yahoo.com,User 519,540,0
normal520,normal520@fraud.net,User 520,2042,1
normal521,normal521@hotmail.com,User 521,370,1
student522,student522@gmail.com,User 522,2728,0
bot523,bot523@example.com,User 523,1590,0
normal524,normal524@fraud.net,User 524,1589,1
wissal525,wissal525@fake.org,User 525,1676,1
user526,user526@example.com,User 526,2058,0
wissal527,wissal527@hotmail.com,User 527,2279,0
beta528,beta528@tempmail.com,User 528,2577,1
student529,student529@example.com,User 529,2196,0
wissal530,wissal530@example.com,User 530,1686,0
normal531,normal531@outlook.com,User 531,719,0
test532,test532@hotmail.com,User 532,569,0
bot533,bot533@tempmail.com,User 533,580,1
alpha534,alpha534@example.com,User 534,2072,0
beta535,beta535@tempmail.com,User 535,2148,1
normal536,normal536@yahoo.com,User 536,1659,0
test537,test537@yahoo.com,User 537,1074,0
user538,user538@example.com,User 538,1111,0
gamma539,gamma539@spam.com,User 539,1297,1
user540,user540@example.com,User 540,2597,0
alpha541,alpha541@fraud.net,User 541,2777,1
student542,student542@yahoo.com,User 542,1389,0
normal543,normal543@fake.org,User 543,2187,1
student544,student544@example.com,User 544,141,1
bot545,bot545@spam.com,User 545,250,1
test546,test546@fraud.net,User 546,2222,1
test547,test547@fraud.net,User 547,402,1
alpha548,alpha548@outlook.com,User 548,2802,0
beta549,beta549@gmail.com,User 549,2875,0
bot550,bot550@outlook.com,User 550,346,1
alpha551,alpha551@yahoo.com,User 551,2773,0
user552,user552@yahoo.com,User 552,384,1
spammer553,spammer553@gmail.com,User 553,2494,0
alpha554,alpha554@outlook.com,User 554,2353,0
wissal555,wissal555@yahoo.com,User 555,2667,0
test556,test556@gmail.com,User 556,2129,0
beta557,beta557@example.com,User 557,111,1
spammer558,spammer558@outlook.com,User 558,2935,0
alpha559,alpha559@hotmail.com,User 559,1066,0
wissal560,wissal560@yahoo.com,User 560,2198,0
beta561,beta561@hotmail.com,User 561,2010,0
gamma562,gamma562@yahoo.com,User 562,503,0
beta563,beta563@spam.com,User 563,1907,1
gamma564,gamma564@gmail.com,User 564,2050,0
user565,user565@hotmail.com,User 565,1153,0
wissal566,wissal566@tempmail.com,User 566,981,1
alpha567,alpha567@yahoo.com,User 567,860,0
normal568,normal568@spam.com,User 568,2870,1
test569,test569@fake.org,User 569,240,1
alpha570,alpha570@hotmail.com,User 570,1707,0
gamma571,gamma571@yahoo.com,User 571,841,0
normal572,normal572@fraud.net,User 572,400,1
spammer573,spammer573@yahoo.com,User 573,2358,0
alpha574,alpha574@outlook.com,User 574,2453,0
beta575,beta575@gmail.com,User 575,376,1
wissal576,wissal576@tempmail.com,User 576,2500,1
normal577,normal577@hotmail.com,User 577,1017,0
beta578,beta578@yahoo.com,User 578,1237,0
alpha579,alpha579@hotmail.com,User 579,2056,0
beta580,beta580@tempmail.com,User 580,2478,1
alpha581,alpha581@gmail.com,User 581,626,0
gamma582,gamma582@outlook.com,User 582,838,0
beta583,beta583@hotmail.com,User 583,1760,0
spammer584,spammer584@hotmail.com,User 584,1631,0
user585,user585@outlook.com,User 585,1614,0
beta586,beta586@yahoo.com,User 586,1416,0
bot587,bot587@fraud.net,User 587,2267,1
alpha588,alpha588@fraud.net,User 588,2177,1
student589,student589@example.com,User 589,1871,0
beta590,beta590@yahoo.com,User 590,1350,0
wissal591,wissal591@fraud.net,User 591,2326,1
normal592,normal592@spam.com,User 592,212,1
bot593,bot593@example.com,User 593,1015,0
wissal594,wissal594@example.com,User 594,2899,0
user595,user595@yahoo.com,User 595,1474,0
wissal596,wissal596@fake.org,User 596,1051,1
normal597,normal597@example.com,User 597,345,1
gamma598,gamma598@gmail.com,User 598,1449,0
test599,test599@outlook.com,User 599,2889,0
beta600,beta600@outlook.com,User 600,930,0
test601,test601@tempmail.com,User 601,200,1
student602,student602@yahoo.com,User 602,160,1
gamma603,gamma603@example.com,User 603,2011,0
user604,user604@yahoo.com,User 604,1127,0
bot605,bot605@example.com,User 605,2877,0
bot606,bot606@gmail.com,User 606,1047,0
test607,test607@gmail.com,User 607,2788,0
beta608,beta608@example.com,User 608,2291,0
user609,user609@hotmail.com,User 609,2698,0
user610,user610@example.com,User 610,2136,0
student611,student611@yahoo.com,User 611,709,0
test612,test612@spam.com,User 612,1564,1
user613,user613@gmail.com,User 613,1223,0
spammer614,spammer614@fake.org,User 614,2865,1
alpha615,alpha615@hotmail.com,User 615,251,1
spammer616,spammer616@example.com,User 616,1083,0
student617,student617@tempmail.com,User 617,1787,1
student618,student618@example.com,User 618,2539,0
student619,student619@fraud.net,User 619,777,1
gamma620,gamma620@yahoo.com,User 620,912,0
alpha621,alpha621@gmail.com,User 621,2615,0
student622,student622@fraud.net,User 622,1697,1
spammer623,spammer623@gmail.com,User 623,2379,0
beta624,beta624@hotmail.com,User 624,2457,0
normal625,normal625@spam.com,User 625,812,1
spammer626,spammer626@spam.com,User 626,651,1
test627,test627@hotmail.com,User 627,1415,0
bot628,bot628@hotmail.com,User 628,664,0
gamma629,gamma629@gmail.com,User 629,1347,0
user630,user630@yahoo.com,User 630,209,1
user631,user631@spam.com,User 631,1956,1
spammer632,spammer632@yahoo.com,User 632,1659,0
test633,test633@outlook.com,User 633,2380,0
wissal634,wissal634@spam.com,User 634,2789,1
wissal635,wissal635@hotmail.com,User 635,348,1
normal636,normal636@example.com,User 636,670,0
spammer637,spammer637@fraud.net,User 637,2468,1
spammer638,spammer638@example.com,User 638,678,0
student639,student639@example.com,User 639,2711,0
test640,test640@fake.org,User 640,2093,1
spammer641,spammer641@gmail.com,User 641,2559,0
student642,student642@outlook.com,User 642,1972,0
beta643,beta643@tempmail.com,User 643,1857,1
test644,test644@gmail.com,User 644,1060,0
spammer645,spammer645@fake.org,User 645,518,1
test646,test646@yahoo.com,User 646,719,0
normal647,normal647@yahoo.com,User 647,1207,0
student648,student648@example.com,User 648,699,0
wissal649,wissal649@outlook.com,User 649,1182,0
user650,user650@gmail.com,User 650,117,1
normal651,normal651@fake.org,User 651,1752,1
user652,user652@tempmail.com,User 652,494,1
alpha653,alpha653@example.com,User 653,412,0
alpha654,alpha654@outlook.com,User 654,425,0
gamma655,gamma655@fake.org,User 655,602,1
gamma656,gamma656@example.com,User 656,2943,0
user657,user657@example.com,User 657,762,0
wissal658,wissal658@hotmail.com,User 658,2135,0
user659,user659@gmail.com,User 659,739,0
normal660,normal660@spam.com,User 660,2322,1
gamma661,gamma661@gmail.com,User 661,723,0
user662,user662@fake.org,User 662,415,1
wissal663,wissal663@outlook.com,User 663,372,1
bot664,bot664@example.com,User 664,375,1
student665,student665@gmail.com,User 665,2947,0
normal666,normal666@tempmail.com,User 666,2761,1
gamma667,gamma667@example.com,User 667,1340,0
spammer668,spammer668@yahoo.com,User 668,2214,0
beta669,beta669@spam.com,User 669,1188,1
normal670,normal670@spam.com,User 670,2758,1
beta671,beta671@hotmail.com,User 671,921,0
normal672,normal672@fake.org,User 672,1079,1
alpha673,alpha673@example.com,User 673,2982,0
user674,user674@outlook.com,User 674,2179,0
alpha675,alpha675@outlook.com,User 675,2061,0
test676,test676@fake.org,User 676,937,1
gamma677,gamma677@fake.org,User 677,2410,1
gamma678,gamma678@yahoo.com,User 678,239,1
beta679,beta679@example.com,User 679,1704,0
gamma680,gamma680@yahoo.com,User 680,197,1
normal681,normal681@outlook.com,User 681,1927,0
user682,user682@example.com,User 682,1653,0
normal683,normal683@example.com,User 683,982,0
test684,test684@outlook.com,User 684,2290,0
alpha685,alpha685@fraud.net,User 685,491,1
spammer686,spammer686@tempmail.com,User 686,2619,1
bot687,bot687@outlook.com,User 687,1268,0
test688,test688@yahoo.com,User 688,1087,0
bot689,bot689@hotmail.com,User 689,934,0
beta690,beta690@tempmail.com,User 690,1943,1
gamma691,gamma691@hotmail.com,User 691,935,0
alpha692,alpha692@yahoo.com,User 692,1402,0
student693,student693@yahoo.com,User 693,1841,0
student694,student694@fraud.net,User 694,1216,1
test695,test695@gmail.com,User 695,788,0
student696,student696@spam.com,User 696,2586,1
student697,student697@example.com,User 697,379,1
test698,test698@gmail.com,User 698,1168,0
user699,user699@tempmail.com,User 699,1859,1
gamma700,gamma700@gmail.com,User 700,1343,0
normal701,normal701@hotmail.com,User 701,2827,0
gamma702,gamma702@hotmail.com,User 702,2169,0
beta703,beta703@hotmail.com,User 703,2432,0
test704,test704@fraud.net,User 704,982,1
user705,user705@spam.com,User 705,494,1
spammer706,spammer706@tempmail.com,User 706,2061,1
bot707,bot707@hotmail.com,User 707,264,1
student708,student708@fake.org,User 708,2059,1
normal709,normal709@hotmail.com,User 709,1669,0
beta710,beta710@spam.com,User 710,538,1
beta711,beta711@outlook.com,User 711,369,1
user712,user712@outlook.com,User 712,781,0
bot713,bot713@tempmail.com,User 713,2755,1
test714,test714@yahoo.com,User 714,2772,0
beta715,beta715@tempmail.com,User 715,1451,1
wissal716,wissal716@outlook.com,User 716,421,0
alpha717,alpha717@gmail.com,User 717,580,0
wissal718,wissal718@tempmail.com,User 718,2928,1
test719,test719@fraud.net,User 719,1900,1
spammer720,spammer720@yahoo.com,User 720,1137,0
student721,student721@gmail.com,User 721,1036,0
alpha722,alpha722@yahoo.com,User 722,2472,0
test723,test723@spam.com,User 723,2382,1
wissal724,wissal724@fraud.net,User 724,2082,1
normal725,normal725@yahoo.com,User 725,1080,0
test726,test726@outlook.com,User 726,2664,0
gamma727,gamma727@example.com,User 727,2558,0
student728,student728@fake.org,User 728,2535,1
spammer729,spammer729@outlook.com,User 729,2437,0
alpha730,alpha730@example.com,User 730,739,0
spammer731,spammer731@outlook.com,User 731,411,0
student732,student732@example.com,User 732,545,0
beta733,beta733@outlook.com,User 733,2673,0
test734,test734@yahoo.com,User 734,1727,0
normal735,normal735@outlook.com,User 735,907,0
student736,student736@example.com,User 736,850,0
test737,test737@fake.org,User 737,2156,1
user738,user738@fake.org,User 738,2428,1
wissal739,wissal739@outlook.com,User 739,2211,0
wissal740,wissal740@example.com,User 740,2625,0
alpha741,alpha741@tempmail.com,User 741,691,1
student742,student742@fraud.net,User 742,2914,1
test743,test743@yahoo.com,User 743,802,0
bot744,bot744@example.com,User 744,1568,0
student745,student745@gmail.com,User 745,2689,0
bot746,bot746@yahoo.com,User 746,890,0
beta747,beta747@gmail.com,User 747,2722,0
wissal748,wissal748@gmail.com,User 748,1437,0
user749,user749@outlook.com,User 749,1362,0
beta750,beta750@fraud.net,User 750,486,1
test751,test751@fraud.net,User 751,317,1
normal752,normal752@yahoo.com,User 752,2636,0
gamma753,gamma753@outlook.com,User 753,1702,0
user754,user754@example.com,User 754,2332,0
wissal755,wissal755@outlook.com,User 755,1063,0
normal756,normal756@fake.org,User 756,1396,1
gamma757,gamma757@gmail.com,User 757,2119,0
test758,test758@hotmail.com,User 758,1488,0
user759,user759@spam.com,User 759,1610,1
bot760,bot760@tempmail.com,User 760,507,1
user761,user761@gmail.com,User 761,2389,0
user762,user762@fake.org,User 762,966,1
gamma763,gamma763@example.com,User 763,2269,0
alpha764,alpha764@tempmail.com,User 764,100,1
wissal765,wissal765@hotmail.com,User 765,1104,0
normal766,normal766@hotmail.com,User 766,1171,0
test767,test767@fake.org,User 767,316,1
normal768,normal768@fake.org,User 768,804,1
normal769,normal769@outlook.com,User 769,892,0
normal770,normal770@outlook.com,User 770,2437,0
student771,student771@example.com,User 771,1903,0
wissal772,wissal772@yahoo.com,User 772,2424,0
wissal773,wissal773@spam.com,User 773,537,1
spammer774,spammer774@fraud.net,User 774,323,1
bot775,bot775@spam.com,User 775,2870,1
beta776,beta776@gmail.com,User 776,2727,0
gamma777,gamma777@example.com,User 777,2064,0
alpha778,alpha778@example.com,User 778,1832,0
beta779,beta779@gmail.com,User 779,762,0
wissal780,wissal780@fraud.net,User 780,656,1
bot781,bot781@yahoo.com,User 781,2870,0
spammer782,spammer782@fraud.net,User 782,2045,1
user783,user783@fake.org,User 783,1993,1
wissal784,wissal784@yahoo.com,User 784,2590,0
alpha785,alpha785@gmail.com,User 785,2978,0
test786,test786@fake.org,User 786,626,1
wissal787,wissal787@hotmail.com,User 787,1636,0
spammer788,spammer788@spam.com,User 788,447,1
user789,user789@tempmail.com,User 789,1978,1
normal790,normal790@gmail.com,User 790,1509,0
beta791,beta791@spam.com,User 791,291,1
alpha792,alpha792@gmail.com,User 792,2829,0
user793,user793@example.com,User 793,571,0
alpha794,alpha794@tempmail.com,User 794,792,1
gamma795,gamma795@gmail.com,User 795,2958,0
spammer796,spammer796@tempmail.com,User 796,603,1
gamma797,gamma797@outlook.com,User 797,2394,0
wissal798,wissal798@hotmail.com,User 798,2263,0
gamma799,gamma799@fake.org,User 799,1985,1
user800,user800@yahoo.com,User 800,2006,0
beta801,beta801@example.com,User 801,871,0
normal802,normal802@yahoo.com,User 802,1195,0
wissal803,wissal803@gmail.com,User 803,2006,0
normal804,normal804@outlook.com,User 804,677,0
user805,user805@tempmail.com,User 805,939,1
user806,user806@spam.com,User 806,1536,1
spammer807,spammer807@hotmail.com,User 807,237,1
wissal808,wissal808@tempmail.com,User 808,717,1
wissal809,wissal809@outlook.com,User 809,1870,0
gamma810,gamma810@fraud.net,User 810,1131,1
spammer811,spammer811@gmail.com,User 811,2606,0
bot812,bot812@hotmail.com,User 812,575,0
spammer813,spammer813@spam.com,User 813,1547,1
normal814,normal814@outlook.com,User 814,2861,0
user815,user815@hotmail.com,User 815,486,0
wissal816,wissal816@gmail.com,User 816,1672,0
normal817,normal817@yahoo.com,User 817,750,0
alpha818,alpha818@example.com,User 818,1032,0
beta819,beta819@yahoo.com,User 819,205,1
normal820,normal820@yahoo.com,User 820,2970,0
spammer821,spammer821@example.com,User 821,1910,0
spammer822,spammer822@example.com,User 822,1517,0
test823,test823@spam.com,User 823,2977,1
test824,test824@hotmail.com,User 824,2611,0
student825,student825@tempmail.com,User 825,347,1
gamma826,gamma826@outlook.com,User 826,2151,0
user827,user827@yahoo.com,User 827,2208,0
wissal828,wissal828@example.com,User 828,232,1
bot829,bot829@yahoo.com,User 829,1227,0
wissal830,wissal830@tempmail.com,User 830,371,1
normal831,normal831@tempmail.com,User 831,562,1
wissal832,wissal832@hotmail.com,User 832,2866,0
student833,student833@outlook.com,User 833,1063,0
gamma834,gamma834@spam.com,User 834,1385,1
student835,student835@gmail.com,User 835,2782,0
normal836,normal836@gmail.com,User 836,340,1
gamma837,gamma837@fake.org,User 837,2103,1
normal838,normal838@hotmail.com,User 838,211,1
spammer839,spammer839@fake.org,User 839,2543,1
spammer840,spammer840@spam.com,User 840,1331,1
student841,student841@tempmail.com,User 841,1037,1
bot842,bot842@outlook.com,User 842,2096,0
normal843,normal843@outlook.com,User 843,621,0
wissal844,wissal844@outlook.com,User 844,294,1
user845,user845@example.com,User 845,2881,0
user846,user846@tempmail.com,User 846,1765,1
beta847,beta847@yahoo.com,User 847,199,1
gamma848,gamma848@fraud.net,User 848,1145,1
normal849,normal849@gmail.com,User 849,309,1
alpha850,alpha850@spam.com,User 850,901,1
alpha851,alpha851@outlook.com,User 851,459,0
student852,student852@outlook.com,User 852,2185,0
normal853,normal853@outlook.com,User 853,1580,0
test854,test854@fraud.net,User 854,1341,1
gamma855,gamma855@gmail.com,User 855,719,0
gamma856,gamma856@gmail.com,User 856,502,0
bot857,bot857@yahoo.com,User 857,447,0
spammer858,spammer858@spam.com,User 858,2109,1
spammer859,spammer859@outlook.com,User 859,2682,0
normal860,normal860@fake.org,User 860,2295,1
gamma861,gamma861@gmail.com,User 861,2724,0
test862,test862@spam.com,User 862,1384,1
normal863,normal863@yahoo.com,User 863,2749,0
gamma864,gamma864@gmail.com,User 864,1392,0
alpha865,alpha865@hotmail.com,User 865,1539,0
spammer866,spammer866@hotmail.com,User 866,1556,0
spammer867,spammer867@example.com,User 867,1210,0
alpha868,alpha868@yahoo.com,User 868,1019,0
test869,test869@hotmail.com,User 869,1112,0
beta870,beta870@hotmail.com,User 870,862,0
gamma871,gamma871@yahoo.com,User 871,1335,0
wissal872,wissal872@example.com,User 872,2715,0
test873,test873@outlook.com,User 873,198,1
user874,user874@tempmail.com,User 874,2480,1
wissal875,wissal875@yahoo.com,User 875,464,0
alpha876,alpha876@example.com,User 876,943,0
gamma877,gamma877@outlook.com,User 877,2073,0
test878,test878@outlook.com,User 878,2305,0
spammer879,spammer879@yahoo.com,User 879,2415,0
test880,test880@hotmail.com,User 880,426,0
test881,test881@fraud.net,User 881,115,1
wissal882,wissal882@tempmail.com,User 882,986,1
normal883,normal883@spam.com,User 883,1593,1
gamma884,gamma884@hotmail.com,User 884,2843,0
alpha885,alpha885@fraud.net,User 885,1769,1
gamma886,gamma886@example.com,User 886,881,0
user887,user887@example.com,User 887,572,0
normal888,normal888@yahoo.com,User 888,2765,0
alpha889,alpha889@gmail.com,User 889,2482,0
user890,user890@gmail.com,User 890,273,1
gamma891,gamma891@spam.com,User 891,1227,1
gamma892,gamma892@yahoo.com,User 892,2063,0
normal893,normal893@yahoo.com,User 893,1046,0
wissal894,wissal894@example.com,User 894,1872,0
wissal895,wissal895@fake.org,User 895,2545,1
bot896,bot896@example.com,User 896,2957,0
alpha897,alpha897@example.com,User 897,990,0
bot898,bot898@gmail.com,User 898,2644,0
student899,student899@gmail.com,User 899,2408,0
beta900,beta900@outlook.com,User 900,1871,0
student901,student901@example.com,User 901,2955,0
user902,user902@yahoo.com,User 902,1173,0
test903,test903@gmail.com,User 903,1078,0
bot904,bot904@gmail.com,User 904,2880,0
gamma905,gamma905@outlook.com,User 905,989,0
spammer906,spammer906@example.com,User 906,506,0
wissal907,wissal907@outlook.com,User 907,708,0
user908,user908@yahoo.com,User 908,1028,0
alpha909,alpha909@outlook.com,User 909,1589,0
bot910,bot910@yahoo.com,User 910,1600,0
beta911,beta911@tempmail.com,User 911,2459,1
spammer912,spammer912@hotmail.com,User 912,1369,0
bot913,bot913@fraud.net,User 913,422,1
test914,test914@example.com,User 914,2157,0
student915,student915@hotmail.com,User 915,643,0
student916,student916@example.com,User 916,1131,0
student917,student917@fraud.net,User 917,2509,1
beta918,beta918@example.com,User 918,738,0
spammer919,spammer919@example.com,User 919,1267,0
user920,user920@outlook.com,User 920,2200,0
gamma921,gamma921@yahoo.com,User 921,2446,0
normal922,normal922@spam.com,User 922,830,1
wissal923,wissal923@example.com,User 923,2622,0
alpha924,alpha924@gmail.com,User 924,1818,0
bot925,bot925@yahoo.com,User 925,2994,0
bot926,bot926@tempmail.com,User 926,894,1
normal927,normal927@yahoo.com,User 927,208,1
user928,user928@spam.com,User 928,1772,1
spammer929,spammer929@outlook.com,User 929,1901,0
normal930,normal930@gmail.com,User 930,1607,0
student931,student931@tempmail.com,User 931,2020,1
alpha932,alpha932@spam.com,User 932,620,1
test933,test933@gmail.com,User 933,1637,0
alpha934,alpha934@yahoo.com,User 934,2973,0
student935,student935@gmail.com,User 935,1739,0
gamma936,gamma936@fake.org,User 936,309,1
wissal937,wissal937@fake.org,User 937,632,1
student938,student938@fraud.net,User 938,1567,1
bot939,bot939@outlook.com,User 939,1571,0
gamma940,gamma940@outlook.com,User 940,1569,0
user941,user941@yahoo.com,User 941,1482,0
wissal942,wissal942@hotmail.com,User 942,1765,0
bot943,bot943@fake.org,User 943,560,1
test944,test944@outlook.com,User 944,1083,0
gamma945,gamma945@yahoo.com,User 945,1821,0
alpha946,alpha946@example.com,User 946,2296,0
user947,user947@outlook.com,User 947,2406,0
wissal948,wissal948@hotmail.com,User 948,275,1
spammer949,spammer949@outlook.com,User 949,512,0
student950,student950@fake.org,User 950,1347,1
alpha951,alpha951@fraud.net,User 951,1189,1
user952,user952@hotmail.com,User 952,1559,0
beta953,beta953@yahoo.com,User 953,2871,0
spammer954,spammer954@hotmail.com,User 954,2262,0
alpha955,alpha955@hotmail.com,User 955,2996,0
student956,student956@example.com,User 956,2446,0
normal957,normal957@hotmail.com,User 957,289,1
gamma958,gamma958@hotmail.com,User 958,317,1
beta959,beta959@outlook.com,User 959,1021,0
student960,student960@tempmail.com,User 960,2121,1
student961,student961@fake.org,User 961,2876,1
spammer962,spammer962@hotmail.com,User 962,1325,0
spammer963,spammer963@gmail.com,User 963,1807,0
beta964,beta964@outlook.com,User 964,2755,0
beta965,beta965@yahoo.com,User 965,2647,0
gamma966,gamma966@yahoo.com,User 966,2975,0
bot967,bot967@spam.com,User 967,2849,1
gamma968,gamma968@fake.org,User 968,1812,1
normal969,normal969@fake.org,User 969,1987,1
wissal970,wissal970@outlook.com,User 970,2478,0
normal971,normal971@fake.org,User 971,1768,1
beta972,beta972@example.com,User 972,245,1
normal973,normal973@gmail.com,User 973,439,0
alpha974,alpha974@gmail.com,User 974,1492,0
test975,test975@fake.org,User 975,2899,1
user976,user976@yahoo.com,User 976,2942,0
user977,user977@yahoo.com,User 977,806,0
normal978,normal978@yahoo.com,User 978,2127,0
test979,test979@tempmail.com,User 979,812,1
bot980,bot980@fake.org,User 980,2943,1
user981,user981@fraud.net,User 981,2714,1
alpha982,alpha982@gmail.com,User 982,1857,0
wissal983,wissal983@hotmail.com,User 983,1953,0
beta984,beta984@outlook.com,User 984,1551,0
spammer985,spammer985@gmail.com,User 985,956,0
wissal986,wissal986@hotmail.com,User 986,238,1
normal987,normal987@yahoo.com,User 987,2905,0
bot988,bot988@hotmail.com,User 988,1416,0
gamma989,gamma989@tempmail.com,User 989,777,1
user990,user990@outlook.com,User 990,2187,0
alpha991,alpha991@outlook.com,User 991,269,1
test992,test992@hotmail.com,User 992,1420,0
gamma993,gamma993@spam.com,User 993,2726,1
gamma994,gamma994@gmail.com,User 994,650,0
spammer995,spammer995@fraud.net,User 995,2171,1
beta996,beta996@fraud.net,User 996,1128,1
user997,user997@fake.org,User 997,2327,1
bot998,bot998@hotmail.com,User 998,505,0
beta999,beta999@tempmail.com,User 999,2627,1
beta1000,beta1000@tempmail.com,User 1000,2771,1
bot1001,bot1001@hotmail.com,User 1001,1341,0
user1002,user1002@fraud.net,User 1002,1643,1
user1003,user1003@gmail.com,User 1003,2232,0
normal1004,normal1004@gmail.com,User 1004,2876,0
normal1005,normal1005@yahoo.com,User 1005,2440,0
test1006,test1006@hotmail.com,User 1006,1805,0
bot1007,bot1007@fake.org,User 1007,2177,1
normal1008,normal1008@hotmail.com,User 1008,250,1
beta1009,beta1009@yahoo.com,User 1009,1842,0
user1010,user1010@gmail.com,User 1010,1201,0
gamma1011,gamma1011@yahoo.com,User 1011,525,0
beta1012,beta1012@outlook.com,User 1012,2594,0
user1013,user1013@spam.com,User 1013,2476,1
wissal1014,wissal1014@hotmail.com,User 1014,1498,0
normal1015,normal1015@gmail.com,User 1015,997,0
beta1016,beta1016@yahoo.com,User 1016,663,0
alpha1017,alpha1017@gmail.com,User 1017,1023,0
normal1018,normal1018@fake.org,User 1018,2709,1
gamma1019,gamma1019@spam.com,User 1019,869,1
wissal1020,wissal1020@outlook.com,User 1020,2051,0
bot1021,bot1021@gmail.com,User 1021,503,0
spammer1022,spammer1022@tempmail.com,User 1022,1391,1
gamma1023,gamma1023@gmail.com,User 1023,2167,0
alpha1024,alpha1024@yahoo.com,User 1024,888,0
beta1025,beta1025@tempmail.com,User 1025,2740,1
wissal1026,wissal1026@example.com,User 1026,1682,0
gamma1027,gamma1027@fraud.net,User 1027,599,1
bot1028,bot1028@spam.com,User 1028,1298,1
wissal1029,wissal1029@hotmail.com,User 1029,121,1
alpha1030,alpha1030@outlook.com,User 1030,760,0
gamma1031,gamma1031@spam.com,User 1031,200,1
test1032,test1032@gmail.com,User 1032,2346,0
gamma1033,gamma1033@spam.com,User 1033,947,1
student1034,student1034@yahoo.com,User 1034,2423,0
test1035,test1035@fraud.net,User 1035,1730,1
wissal1036,wissal1036@fake.org,User 1036,1214,1
spammer1037,spammer1037@fraud.net,User 1037,485,1
beta1038,beta1038@outlook.com,User 1038,1303,0
user1039,user1039@outlook.com,User 1039,1375,0
wissal1040,wissal1040@yahoo.com,User 1040,2081,0
user1041,user1041@gmail.com,User 1041,125,1
normal1042,normal1042@outlook.com,User 1042,2062,0
bot1043,bot1043@fraud.net,User 1043,683,1
bot1044,bot1044@tempmail.com,User 1044,1471,1
gamma1045,gamma1045@spam.com,User 1045,894,1
gamma1046,gamma1046@fake.org,User 1046,2351,1
gamma1047,gamma1047@yahoo.com,User 1047,1950,0
user1048,user1048@gmail.com,User 1048,2734,0
bot1049,bot1049@fake.org,User 1049,1991,1
spammer1050,spammer1050@yahoo.com,User 1050,1569,0
test1051,test1051@tempmail.com,User 1051,1257,1
beta1052,beta1052@gmail.com,User 1052,986,0
student1053,student1053@gmail.com,User 1053,2961,0
alpha1054,alpha1054@example.com,User 1054,181,1
beta1055,beta1055@yahoo.com,User 1055,125,1
alpha1056,alpha1056@hotmail.com,User 1056,870,0
test1057,test1057@fraud.net,User 1057,195,1
bot1058,bot1058@yahoo.com,User 1058,538,0
wissal1059,wissal1059@hotmail.com,User 1059,978,0
user1060,user1060@example.com,User 1060,1134,0
student1061,student1061@fake.org,User 1061,565,1
user1062,user1062@example.com,User 1062,1430,0
beta1063,beta1063@example.com,User 1063,641,0
test1064,test1064@hotmail.com,User 1064,1610,0
student1065,student1065@example.com,User 1065,2404,0
alpha1066,alpha1066@spam.com,User 1066,171,1
beta1067,beta1067@example.com,User 1067,2605,0
student1068,student1068@spam.com,User 1068,2959,1
student1069,student1069@example.com,User 1069,1085,0
beta1070,beta1070@yahoo.com,User 1070,1541,0
beta1071,beta1071@outlook.com,User 1071,220,1
test1072,test1072@tempmail.com,User 1072,1364,1
beta1073,beta1073@example.com,User 1073,2962,0
spammer1074,spammer1074@gmail.com,User 1074,1929,0
student1075,student1075@outlook.com,User 1075,754,0
alpha1076,alpha1076@fake.org,User 1076,1874,1
spammer1077,spammer1077@outlook.com,User 1077,752,0
gamma1078,gamma1078@outlook.com,User 1078,2192,0
user1079,user1079@tempmail.com,User 1079,2481,1
beta1080,beta1080@example.com,User 1080,782,0
gamma1081,gamma1081@hotmail.com,User 1081,924,0
beta1082,beta1082@hotmail.com,User 1082,1537,0
normal1083,normal1083@hotmail.com,User 1083,2499,0
student1084,student1084@yahoo.com,User 1084,1087,0
user1085,user1085@outlook.com,User 1085,2187,0
bot1086,bot1086@example.com,User 1086,854,0
bot1087,bot1087@yahoo.com,User 1087,1496,0
gamma1088,gamma1088@gmail.com,User 1088,1768,0
student1089,student1089@outlook.com,User 1089,1531,0
spammer1090,spammer1090@outlook.com,User 1090,1662,0
user1091,user1091@tempmail.com,User 1091,402,1
beta1092,beta1092@fake.org,User 1092,1095,1
wissal1093,wissal1093@yahoo.com,User 1093,1689,0
beta1094,beta1094@tempmail.com,User 1094,206,1
gamma1095,gamma1095@tempmail.com,User 1095,512,1
spammer1096,spammer1096@fraud.net,User 1096,2153,1
bot1097,bot1097@example.com,User 1097,708,0
beta1098,beta1098@outlook.com,User 1098,194,1
bot1099,bot1099@hotmail.com,User 1099,2620,0
student1100,student1100@fake.org,User 1100,468,1
beta1101,beta1101@example.com,User 1101,1635,0
student1102,student1102@example.com,User 1102,2359,0
normal1103,normal1103@tempmail.com,User 1103,753,1
user1104,user1104@fraud.net,User 1104,437,1
wissal1105,wissal1105@outlook.com,User 1105,2405,0
wissal1106,wissal1106@yahoo.com,User 1106,239,1
normal1107,normal1107@hotmail.com,User 1107,2033,0
bot1108,bot1108@yahoo.com,User 1108,2248,0
user1109,user1109@outlook.com,User 1109,225,1
normal1110,normal1110@example.com,User 1110,1790,0
bot1111,bot1111@hotmail.com,User 1111,2311,0
gamma1112,gamma1112@fake.org,User 1112,860,1
student1113,student1113@fraud.net,User 1113,1519,1
spammer1114,spammer1114@yahoo.com,User 1114,2423,0
normal1115,normal1115@hotmail.com,User 1115,1733,0
beta1116,beta1116@gmail.com,User 1116,2507,0
beta1117,beta1117@fraud.net,User 1117,1392,1
spammer1118,spammer1118@yahoo.com,User 1118,834,0
gamma1119,gamma1119@fraud.net,User 1119,1923,1
gamma1120,gamma1120@outlook.com,User 1120,1813,0
gamma1121,gamma1121@gmail.com,User 1121,1706,0
gamma1122,gamma1122@tempmail.com,User 1122,480,1
alpha1123,alpha1123@yahoo.com,User 1123,2805,0
wissal1124,wissal1124@example.com,User 1124,1995,0
normal1125,normal1125@yahoo.com,User 1125,1909,0
user1126,user1126@example.com,User 1126,383,1
spammer1127,spammer1127@spam.com,User 1127,839,1
beta1128,beta1128@yahoo.com,User 1128,468,0
beta1129,beta1129@outlook.com,User 1129,1766,0
alpha1130,alpha1130@spam.com,User 1130,594,1
user1131,user1131@spam.com,User 1131,1589,1
test1132,test1132@gmail.com,User 1132,946,0
normal1133,normal1133@hotmail.com,User 1133,215,1
normal1134,normal1134@fake.org,User 1134,682,1
bot1135,bot1135@gmail.com,User 1135,2132,0
student1136,student1136@yahoo.com,User 1136,365,1
user1137,user1137@outlook.com,User 1137,2218,0
wissal1138,wissal1138@yahoo.com,User 1138,339,1
wissal1139,wissal1139@gmail.com,User 1139,1223,0
bot1140,bot1140@example.com,User 1140,1798,0
alpha1141,alpha1141@hotmail.com,User 1141,315,1
student1142,student1142@outlook.com,User 1142,1795,0
normal1143,normal1143@example.com,User 1143,2415,0
bot1144,bot1144@fake.org,User 1144,1218,1
alpha1145,alpha1145@outlook.com,User 1145,2001,0
student1146,student1146@example.com,User 1146,243,1
user1147,user1147@gmail.com,User 1147,1197,0
alpha1148,alpha1148@hotmail.com,User 1148,1727,0
gamma1149,gamma1149@spam.com,User 1149,1737,1
beta1150,beta1150@fake.org,User 1150,1690,1
gamma1151,gamma1151@fraud.net,User 1151,970,1
beta1152,beta1152@gmail.com,User 1152,1693,0
user1153,user1153@spam.com,User 1153,465,1
alpha1154,alpha1154@hotmail.com,User 1154,1965,0
user1155,user1155@spam.com,User 1155,2192,1
gamma1156,gamma1156@outlook.com,User 1156,422,0
wissal1157,wissal1157@yahoo.com,User 1157,2403,0
student1158,student1158@outlook.com,User 1158,2400,0
beta1159,beta1159@gmail.com,User 1159,216,1
gamma1160,gamma1160@tempmail.com,User 1160,2206,1
user1161,user1161@hotmail.com,User 1161,2124,0
wissal1162,wissal1162@outlook.com,User 1162,961,0
alpha1163,alpha1163@gmail.com,User 1163,1546,0
beta1164,beta1164@spam.com,User 1164,1335,1
normal1165,normal1165@tempmail.com,User 1165,2079,1
test1166,test1166@example.com,User 1166,2663,0
test1167,test1167@spam.com,User 1167,2573,1
wissal1168,wissal1168@fraud.net,User 1168,2517,1
student1169,student1169@example.com,User 1169,1209,0
spammer1170,spammer1170@tempmail.com,User 1170,2682,1
beta1171,beta1171@spam.com,User 1171,1213,1
alpha1172,alpha1172@fraud.net,User 1172,911,1
spammer1173,spammer1173@example.com,User 1173,2703,0
spammer1174,spammer1174@example.com,User 1174,1427,0
student1175,student1175@fraud.net,User 1175,2462,1
normal1176,normal1176@example.com,User 1176,2500,0
user1177,user1177@fake.org,User 1177,111,1
user1178,user1178@hotmail.com,User 1178,2398,0
user1179,user1179@example.com,User 1179,2486,0
student1180,student1180@fake.org,User 1180,1137,1
alpha1181,alpha1181@fraud.net,User 1181,852,1
normal1182,normal1182@fake.org,User 1182,1870,1
bot1183,bot1183@gmail.com,User 1183,1409,0
test1184,test1184@outlook.com,User 1184,271,1
student1185,student1185@example.com,User 1185,1389,0
gamma1186,gamma1186@outlook.com,User 1186,2179,0
beta1187,beta1187@example.com,User 1187,450,0
user1188,user1188@outlook.com,User 1188,373,1
user1189,user1189@hotmail.com,User 1189,2850,0
bot1190,bot1190@outlook.com,User 1190,747,0
beta1191,beta1191@example.com,User 1191,1930,0
wissal1192,wissal1192@example.com,User 1192,368,1
bot1193,bot1193@fraud.net,User 1193,713,1
beta1194,beta1194@gmail.com,User 1194,1112,0
gamma1195,gamma1195@gmail.com,User 1195,1444,0
test1196,test1196@yahoo.com,User 1196,1390,0
gamma1197,gamma1197@outlook.com,User 1197,2899,0
spammer1198,spammer1198@gmail.com,User 1198,1427,0
normal1199,normal1199@spam.com,User 1199,2549,1
beta1200,beta1200@fraud.net,User 1200,1316,1
beta1201,beta1201@tempmail.com,User 1201,1404,1
bot1202,bot1202@yahoo.com,User 1202,2511,0
alpha1203,alpha1203@fake.org,User 1203,1544,1
normal1204,normal1204@fake.org,User 1204,1941,1
student1205,student1205@fraud.net,User 1205,274,1
normal1206,normal1206@tempmail.com,User 1206,373,1
student1207,student1207@fraud.net,User 1207,1686,1
normal1208,normal1208@example.com,User 1208,823,0
bot1209,bot1209@yahoo.com,User 1209,179,1
beta1210,beta1210@tempmail.com,User 1210,1194,1
alpha1211,alpha1211@example.com,User 1211,944,0
bot1212,bot1212@yahoo.com,User 1212,2838,0
beta1213,beta1213@gmail.com,User 1213,120,1
beta1214,beta1214@tempmail.com,User 1214,864,1
user1215,user1215@example.com,User 1215,222,1
alpha1216,alpha1216@fraud.net,User 1216,2410,1
bot1217,bot1217@spam.com,User 1217,2570,1
wissal1218,wissal1218@spam.com,User 1218,273,1
normal1219,normal1219@gmail.com,User 1219,2155,0
spammer1220,spammer1220@example.com,User 1220,2755,0
user1221,user1221@spam.com,User 1221,1093,1
student1222,student1222@tempmail.com,User 1222,766,1
normal1223,normal1223@hotmail.com,User 1223,2057,0
spammer1224,spammer1224@tempmail.com,User 1224,1043,1
wissal1225,wissal1225@fake.org,User 1225,1325,1
beta1226,beta1226@example.com,User 1226,2435,0
student1227,student1227@hotmail.com,User 1227,335,1
bot1228,bot1228@yahoo.com,User 1228,2825,0
normal1229,normal1229@gmail.com,User 1229,448,0
gamma1230,gamma1230@gmail.com,User 1230,1475,0
student1231,student1231@fake.org,User 1231,2491,1
user1232,user1232@gmail.com,User 1232,2446,0
normal1233,normal1233@fake.org,User 1233,496,1
student1234,student1234@fraud.net,User 1234,378,1
user1235,user1235@example.com,User 1235,1367,0
test1236,test1236@gmail.com,User 1236,426,0
bot1237,bot1237@example.com,User 1237,2389,0
alpha1238,alpha1238@yahoo.com,User 1238,1559,0
gamma1239,gamma1239@yahoo.com,User 1239,2453,0
student1240,student1240@hotmail.com,User 1240,1910,0
beta1241,beta1241@spam.com,User 1241,1033,1
normal1242,normal1242@outlook.com,User 1242,1830,0
bot1243,bot1243@yahoo.com,User 1243,2605,0
user1244,user1244@gmail.com,User 1244,2898,0
user1245,user1245@fraud.net,User 1245,349,1
test1246,test1246@hotmail.com,User 1246,2766,0
gamma1247,gamma1247@outlook.com,User 1247,2555,0
normal1248,normal1248@spam.com,User 1248,312,1
spammer1249,spammer1249@yahoo.com,User 1249,647,0
student1250,student1250@fake.org,User 1250,1049,1
spammer1251,spammer1251@gmail.com,User 1251,121,1
gamma1252,gamma1252@fake.org,User 1252,514,1
test1253,test1253@hotmail.com,User 1253,892,0
student1254,student1254@example.com,User 1254,2000,0
normal1255,normal1255@yahoo.com,User 1255,710,0
beta1256,beta1256@fraud.net,User 1256,734,1
normal1257,normal1257@yahoo.com,User 1257,2253,0
gamma1258,gamma1258@tempmail.com,User 1258,1310,1
normal1259,normal1259@gmail.com,User 1259,1346,0
spammer1260,spammer1260@yahoo.com,User 1260,238,1
normal1261,normal1261@hotmail.com,User 1261,595,0
wissal1262,wissal1262@outlook.com,User 1262,1081,0
normal1263,normal1263@yahoo.com,User 1263,522,0
gamma1264,gamma1264@hotmail.com,User 1264,1883,0
spammer1265,spammer1265@outlook.com,User 1265,1493,0
normal1266,normal1266@outlook.com,User 1266,1160,0
spammer1267,spammer1267@spam.com,User 1267,2083,1
bot1268,bot1268@outlook.com,User 1268,2177,0
test1269,test1269@example.com,User 1269,1455,0
bot1270,bot1270@spam.com,User 1270,1559,1
gamma1271,gamma1271@fraud.net,User 1271,1600,1
test1272,test1272@hotmail.com,User 1272,2753,0
bot1273,bot1273@gmail.com,User 1273,2209,0
spammer1274,spammer1274@gmail.com,User 1274,648,0
student1275,student1275@gmail.com,User 1275,1978,0
bot1276,bot1276@example.com,User 1276,592,0
wissal1277,wissal1277@outlook.com,User 1277,1266,0
gamma1278,gamma1278@hotmail.com,User 1278,2507,0
spammer1279,spammer1279@example.com,User 1279,534,0
spammer1280,spammer1280@example.com,User 1280,608,0
gamma1281,gamma1281@outlook.com,User 1281,2238,0
alpha1282,alpha1282@outlook.com,User 1282,940,0
wissal1283,wissal1283@gmail.com,User 1283,1195,0
spammer1284,spammer1284@tempmail.com,User 1284,1846,1
beta1285,beta1285@hotmail.com,User 1285,2851,0
alpha1286,alpha1286@yahoo.com,User 1286,1584,0
test1287,test1287@tempmail.com,User 1287,2503,1
normal1288,normal1288@spam.com,User 1288,2214,1
bot1289,bot1289@fraud.net,User 1289,2577,1
user1290,user1290@outlook.com,User 1290,1040,0
alpha1291,alpha1291@spam.com,User 1291,1729,1
student1292,student1292@gmail.com,User 1292,1367,0
bot1293,bot1293@spam.com,User 1293,1787,1
normal1294,normal1294@example.com,User 1294,552,0
gamma1295,gamma1295@fraud.net,User 1295,1415,1
alpha1296,alpha1296@outlook.com,User 1296,2442,0
beta1297,beta1297@hotmail.com,User 1297,242,1
spammer1298,spammer1298@yahoo.com,User 1298,2918,0
normal1299,normal1299@fake.org,User 1299,1341,1
beta1300,beta1300@fraud.net,User 1300,2188,1
user1301,user1301@yahoo.com,User 1301,2930,0
alpha1302,alpha1302@tempmail.com,User 1302,2095,1
user1303,user1303@tempmail.com,User 1303,2086,1
gamma1304,gamma1304@outlook.com,User 1304,1531,0
gamma1305,gamma1305@yahoo.com,User 1305,566,0
test1306,test1306@yahoo.com,User 1306,2594,0
normal1307,normal1307@fraud.net,User 1307,1963,1
wissal1308,wissal1308@outlook.com,User 1308,1014,0
student1309,student1309@outlook.com,User 1309,1512,0
wissal1310,wissal1310@hotmail.com,User 1310,1444,0
beta1311,beta1311@yahoo.com,User 1311,273,1
test1312,test1312@hotmail.com,User 1312,2425,0
beta1313,beta1313@example.com,User 1313,1482,0
beta1314,beta1314@tempmail.com,User 1314,863,1
bot1315,bot1315@yahoo.com,User 1315,1512,0
bot1316,bot1316@spam.com,User 1316,380,1
gamma1317,gamma1317@outlook.com,User 1317,2730,0
spammer1318,spammer1318@hotmail.com,User 1318,248,1
user1319,user1319@fake.org,User 1319,2767,1
normal1320,normal1320@gmail.com,User 1320,1496,0
test1321,test1321@hotmail.com,User 1321,985,0
user1322,user1322@spam.com,User 1322,2487,1
normal1323,normal1323@example.com,User 1323,1131,0
bot1324,bot1324@yahoo.com,User 1324,708,0
user1325,user1325@gmail.com,User 1325,1370,0
spammer1326,spammer1326@gmail.com,User 1326,1256,0
user1327,user1327@fake.org,User 1327,158,1
alpha1328,alpha1328@outlook.com,User 1328,1654,0
user1329,user1329@fraud.net,User 1329,2887,1
bot1330,bot1330@example.com,User 1330,1641,0
bot1331,bot1331@hotmail.com,User 1331,1083,0
beta1332,beta1332@hotmail.com,User 1332,243,1
student1333,student1333@fake.org,User 1333,526,1
beta1334,beta1334@yahoo.com,User 1334,2805,0
wissal1335,wissal1335@tempmail.com,User 1335,791,1
gamma1336,gamma1336@fraud.net,User 1336,1034,1
wissal1337,wissal1337@hotmail.com,User 1337,2414,0
user1338,user1338@outlook.com,User 1338,2199,0
alpha1339,alpha1339@hotmail.com,User 1339,2825,0
normal1340,normal1340@tempmail.com,User 1340,1882,1
bot1341,bot1341@tempmail.com,User 1341,129,1
user1342,user1342@example.com,User 1342,1169,0
test1343,test1343@spam.com,User 1343,615,1
beta1344,beta1344@fake.org,User 1344,2893,1
bot1345,bot1345@gmail.com,User 1345,362,1
user1346,user1346@outlook.com,User 1346,2586,0
bot1347,bot1347@hotmail.com,User 1347,1461,0
student1348,student1348@example.com,User 1348,349,1
student1349,student1349@gmail.com,User 1349,1479,0
normal1350,normal1350@hotmail.com,User 1350,2219,0
student1351,student1351@outlook.com,User 1351,1803,0
alpha1352,alpha1352@yahoo.com,User 1352,2776,0
test1353,test1353@yahoo.com,User 1353,1681,0
beta1354,beta1354@spam.com,User 1354,246,1
bot1355,bot1355@gmail.com,User 1355,2613,0
test1356,test1356@yahoo.com,User 1356,2580,0
user1357,user1357@hotmail.com,User 1357,1101,0
spammer1358,spammer1358@gmail.com,User 1358,2094,0
student1359,student1359@outlook.com,User 1359,736,0
bot1360,bot1360@hotmail.com,User 1360,979,0
spammer1361,spammer1361@outlook.com,User 1361,1235,0
spammer1362,spammer1362@spam.com,User 1362,1560,1
normal1363,normal1363@fraud.net,User 1363,1920,1
beta1364,beta1364@example.com,User 1364,1349,0
beta1365,beta1365@outlook.com,User 1365,487,0
wissal1366,wissal1366@fraud.net,User 1366,2092,1
gamma1367,gamma1367@yahoo.com,User 1367,2091,0
wissal1368,wissal1368@gmail.com,User 1368,2587,0
student1369,student1369@spam.com,User 1369,489,1
alpha1370,alpha1370@gmail.com,User 1370,799,0
wissal1371,wissal1371@example.com,User 1371,716,0
alpha1372,alpha1372@fraud.net,User 1372,2078,1
normal1373,normal1373@yahoo.com,User 1373,2429,0
spammer1374,spammer1374@spam.com,User 1374,220,1
bot1375,bot1375@yahoo.com,User 1375,1541,0
user1376,user1376@hotmail.com,User 1376,1400,0
alpha1377,alpha1377@yahoo.com,User 1377,2739,0
alpha1378,alpha1378@outlook.com,User 1378,1807,0
student1379,student1379@tempmail.com,User 1379,2945,1
alpha1380,alpha1380@example.com,User 1380,1449,0
wissal1381,wissal1381@fraud.net,User 1381,372,1
gamma1382,gamma1382@outlook.com,User 1382,1651,0
user1383,user1383@gmail.com,User 1383,571,0
wissal1384,wissal1384@example.com,User 1384,1619,0
alpha1385,alpha1385@yahoo.com,User 1385,835,0
beta1386,beta1386@fake.org,User 1386,1256,1
user1387,user1387@yahoo.com,User 1387,1820,0
user1388,user1388@spam.com,User 1388,529,1
bot1389,bot1389@hotmail.com,User 1389,1768,0
gamma1390,gamma1390@example.com,User 1390,1672,0
wissal1391,wissal1391@example.com,User 1391,1324,0
alpha1392,alpha1392@outlook.com,User 1392,1548,0
normal1393,normal1393@example.com,User 1393,1027,0
user1394,user1394@outlook.com,User 1394,819,0
alpha1395,alpha1395@tempmail.com,User 1395,1053,1
beta1396,beta1396@outlook.com,User 1396,557,0
student1397,student1397@tempmail.com,User 1397,1925,1
student1398,student1398@example.com,User 1398,1911,0
beta1399,beta1399@hotmail.com,User 1399,1889,0
user1400,user1400@fake.org,User 1400,1063,1
student1401,student1401@yahoo.com,User 1401,563,0
alpha1402,alpha1402@yahoo.com,User 1402,139,1
alpha1403,alpha1403@fake.org,User 1403,2590,1
gamma1404,gamma1404@outlook.com,User 1404,1979,0
bot1405,bot1405@yahoo.com,User 1405,1717,0
student1406,student1406@fraud.net,User 1406,1029,1
wissal1407,wissal1407@outlook.com,User 1407,655,0
bot1408,bot1408@yahoo.com,User 1408,413,0
user1409,user1409@example.com,User 1409,2407,0
test1410,test1410@spam.com,User 1410,2478,1
normal1411,normal1411@gmail.com,User 1411,1819,0
bot1412,bot1412@example.com,User 1412,887,0
test1413,test1413@gmail.com,User 1413,2544,0
spammer1414,spammer1414@hotmail.com,User 1414,2353,0
beta1415,beta1415@fake.org,User 1415,2360,1
beta1416,beta1416@gmail.com,User 1416,2372,0
bot1417,bot1417@outlook.com,User 1417,1986,0
gamma1418,gamma1418@tempmail.com,User 1418,1793,1
bot1419,bot1419@outlook.com,User 1419,2877,0
student1420,student1420@fake.org,User 1420,1564,1
user1421,user1421@fake.org,User 1421,279,1
gamma1422,gamma1422@gmail.com,User 1422,2332,0
student1423,student1423@outlook.com,User 1423,2955,0
alpha1424,alpha1424@outlook.com,User 1424,412,0
wissal1425,wissal1425@gmail.com,User 1425,1210,0
alpha1426,alpha1426@outlook.com,User 1426,1130,0
beta1427,beta1427@gmail.com,User 1427,1705,0
beta1428,beta1428@yahoo.com,User 1428,225,1
user1429,user1429@hotmail.com,User 1429,2263,0
bot1430,bot1430@tempmail.com,User 1430,2318,1
beta1431,beta1431@outlook.com,User 1431,311,1
bot1432,bot1432@tempmail.com,User 1432,1886,1
bot1433,bot1433@spam.com,User 1433,2365,1
spammer1434,spammer1434@hotmail.com,User 1434,742,0
bot1435,bot1435@gmail.com,User 1435,2075,0
spammer1436,spammer1436@tempmail.com,User 1436,1483,1
student1437,student1437@fraud.net,User 1437,1011,1
user1438,user1438@hotmail.com,User 1438,1295,0
spammer1439,spammer1439@yahoo.com,User 1439,423,0
alpha1440,alpha1440@spam.com,User 1440,968,1
alpha1441,alpha1441@gmail.com,User 1441,249,1
test1442,test1442@gmail.com,User 1442,1502,0
student1443,student1443@gmail.com,User 1443,2172,0
test1444,test1444@yahoo.com,User 1444,1170,0
test1445,test1445@fraud.net,User 1445,2103,1
wissal1446,wissal1446@example.com,User 1446,2482,0
test1447,test1447@gmail.com,User 1447,2283,0
student1448,student1448@spam.com,User 1448,947,1
beta1449,beta1449@hotmail.com,User 1449,1076,0
student1450,student1450@hotmail.com,User 1450,1868,0
bot1451,bot1451@outlook.com,User 1451,611,0
test1452,test1452@gmail.com,User 1452,134,1
bot1453,bot1453@gmail.com,User 1453,581,0
alpha1454,alpha1454@hotmail.com,User 1454,842,0
normal1455,normal1455@example.com,User 1455,2483,0
spammer1456,spammer1456@outlook.com,User 1456,1176,0
test1457,test1457@outlook.com,User 1457,1259,0
normal1458,normal1458@hotmail.com,User 1458,1424,0
normal1459,normal1459@tempmail.com,User 1459,759,1
student1460,student1460@yahoo.com,User 1460,2352,0
user1461,user1461@outlook.com,User 1461,655,0
test1462,test1462@hotmail.com,User 1462,2908,0
beta1463,beta1463@hotmail.com,User 1463,417,0
beta1464,beta1464@yahoo.com,User 1464,850,0
user1465,user1465@spam.com,User 1465,510,1
spammer1466,spammer1466@fraud.net,User 1466,647,1
user1467,user1467@hotmail.com,User 1467,144,1
alpha1468,alpha1468@spam.com,User 1468,2513,1
gamma1469,gamma1469@gmail.com,User 1469,2199,0
test1470,test1470@outlook.com,User 1470,2715,0
gamma1471,gamma1471@hotmail.com,User 1471,436,0
bot1472,bot1472@tempmail.com,User 1472,1913,1
gamma1473,gamma1473@fake.org,User 1473,590,1
wissal1474,wissal1474@hotmail.com,User 1474,338,1
student1475,student1475@gmail.com,User 1475,2245,0
gamma1476,gamma1476@gmail.com,User 1476,1919,0
user1477,user1477@gmail.com,User 1477,1643,0
normal1478,normal1478@spam.com,User 1478,558,1
student1479,student1479@tempmail.com,User 1479,811,1
wissal1480,wissal1480@example.com,User 1480,2231,0
user1481,user1481@gmail.com,User 1481,667,0
spammer1482,spammer1482@fake.org,User 1482,429,1
wissal1483,wissal1483@yahoo.com,User 1483,1351,0
bot1484,bot1484@yahoo.com,User 1484,2291,0
normal1485,normal1485@gmail.com,User 1485,2581,0
bot1486,bot1486@hotmail.com,User 1486,2939,0
beta1487,beta1487@fake.org,User 1487,860,1
normal1488,normal1488@yahoo.com,User 1488,1511,0
user1489,user1489@yahoo.com,User 1489,857,0
alpha1490,alpha1490@spam.com,User 1490,2568,1
gamma1491,gamma1491@hotmail.com,User 1491,1043,0
test1492,test1492@tempmail.com,User 1492,810,1
test1493,test1493@outlook.com,User 1493,181,1
spammer1494,spammer1494@outlook.com,User 1494,2809,0
test1495,test1495@example.com,User 1495,1408,0
wissal1496,wissal1496@fake.org,User 1496,2383,1
user1497,user1497@outlook.com,User 1497,2604,0
spammer1498,spammer1498@fraud.net,User 1498,2812,1
gamma1499,gamma1499@yahoo.com,User 1499,2706,0
normal1500,normal1500@yahoo.com,User 1500,969,0
beta1501,beta1501@yahoo.com,User 1501,2501,0
user1502,user1502@example.com,User 1502,1949,0
bot1503,bot1503@spam.com,User 1503,1453,1
beta1504,beta1504@spam.com,User 1504,267,1
alpha1505,alpha1505@example.com,User 1505,2075,0
gamma1506,gamma1506@tempmail.com,User 1506,1852,1
beta1507,beta1507@outlook.com,User 1507,2458,0
student1508,student1508@yahoo.com,User 1508,2995,0
normal1509,normal1509@outlook.com,User 1509,950,0
beta1510,beta1510@hotmail.com,User 1510,324,1
bot1511,bot1511@gmail.com,User 1511,2428,0
user1512,user1512@gmail.com,User 1512,2238,0
wissal1513,wissal1513@hotmail.com,User 1513,801,0
wissal1514,wissal1514@fake.org,User 1514,1159,1
gamma1515,gamma1515@gmail.com,User 1515,1966,0
normal1516,normal1516@gmail.com,User 1516,567,0
user1517,user1517@fraud.net,User 1517,1385,1
test1518,test1518@outlook.com,User 1518,2345,0
test1519,test1519@yahoo.com,User 1519,1748,0
alpha1520,alpha1520@yahoo.com,User 1520,2687,0
bot1521,bot1521@gmail.com,User 1521,1103,0
student1522,student1522@spam.com,User 1522,1762,1
gamma1523,gamma1523@yahoo.com,User 1523,1244,0
normal1524,normal1524@gmail.com,User 1524,1183,0
normal1525,normal1525@gmail.com,User 1525,2151,0
spammer1526,spammer1526@example.com,User 1526,2236,0
test1527,test1527@spam.com,User 1527,2109,1
test1528,test1528@example.com,User 1528,1481,0
user1529,user1529@hotmail.com,User 1529,2223,0
normal1530,normal1530@yahoo.com,User 1530,2094,0
user1531,user1531@gmail.com,User 1531,985,0
wissal1532,wissal1532@outlook.com,User 1532,1503,0
alpha1533,alpha1533@example.com,User 1533,1927,0
user1534,user1534@spam.com,User 1534,944,1
spammer1535,spammer1535@fraud.net,User 1535,2694,1
alpha1536,alpha1536@outlook.com,User 1536,1170,0
gamma1537,gamma1537@fraud.net,User 1537,1993,1
bot1538,bot1538@gmail.com,User 1538,2018,0
gamma1539,gamma1539@gmail.com,User 1539,2374,0
spammer1540,spammer1540@tempmail.com,User 1540,258,1
test1541,test1541@outlook.com,User 1541,2631,0
normal1542,normal1542@hotmail.com,User 1542,2314,0
beta1543,beta1543@fake.org,User 1543,1453,1
test1544,test1544@fake.org,User 1544,2549,1
normal1545,normal1545@outlook.com,User 1545,2948,0
wissal1546,wissal1546@yahoo.com,User 1546,2131,0
normal1547,normal1547@example.com,User 1547,374,1
bot1548,bot1548@example.com,User 1548,1040,0
beta1549,beta1549@outlook.com,User 1549,426,0
normal1550,normal1550@outlook.com,User 1550,869,0
bot1551,bot1551@hotmail.com,User 1551,1392,0
normal1552,normal1552@gmail.com,User 1552,1566,0
user1553,user1553@yahoo.com,User 1553,1515,0
user1554,user1554@hotmail.com,User 1554,770,0
normal1555,normal1555@spam.com,User 1555,733,1
bot1556,bot1556@outlook.com,User 1556,334,1
alpha1557,alpha1557@example.com,User 1557,339,1
beta1558,beta1558@yahoo.com,User 1558,866,0
test1559,test1559@example.com,User 1559,454,0
alpha1560,alpha1560@example.com,User 1560,2741,0
bot1561,bot1561@hotmail.com,User 1561,2728,0
wissal1562,wissal1562@gmail.com,User 1562,1351,0
normal1563,normal1563@fake.org,User 1563,326,1
gamma1564,gamma1564@gmail.com,User 1564,2684,0
test1565,test1565@tempmail.com,User 1565,2389,1
gamma1566,gamma1566@hotmail.com,User 1566,574,0
student1567,student1567@fake.org,User 1567,1346,1
test1568,test1568@gmail.com,User 1568,587,0
bot1569,bot1569@yahoo.com,User 1569,1464,0
test1570,test1570@hotmail.com,User 1570,2250,0
student1571,student1571@outlook.com,User 1571,405,0
normal1572,normal1572@yahoo.com,User 1572,738,0
user1573,user1573@example.com,User 1573,2721,0
alpha1574,alpha1574@gmail.com,User 1574,980,0
wissal1575,wissal1575@yahoo.com,User 1575,385,1
bot1576,bot1576@gmail.com,User 1576,2042,0
user1577,user1577@hotmail.com,User 1577,599,0
gamma1578,gamma1578@outlook.com,User 1578,1298,0
normal1579,normal1579@fraud.net,User 1579,798,1
bot1580,bot1580@yahoo.com,User 1580,776,0
normal1581,normal1581@hotmail.com,User 1581,1860,0
gamma1582,gamma1582@hotmail.com,User 1582,1534,0
gamma1583,gamma1583@hotmail.com,User 1583,1674,0
gamma1584,gamma1584@outlook.com,User 1584,449,0
spammer1585,spammer1585@tempmail.com,User 1585,2410,1
test1586,test1586@fake.org,User 1586,2030,1
bot1587,bot1587@yahoo.com,User 1587,201,1
beta1588,beta1588@hotmail.com,User 1588,1798,0
alpha1589,alpha1589@example.com,User 1589,1993,0
bot1590,bot1590@outlook.com,User 1590,2836,0
normal1591,normal1591@example.com,User 1591,2635,0
gamma1592,gamma1592@yahoo.com,User 1592,1908,0
wissal1593,wissal1593@outlook.com,User 1593,866,0
wissal1594,wissal1594@gmail.com,User 1594,2396,0
student1595,student1595@example.com,User 1595,1833,0
alpha1596,alpha1596@yahoo.com,User 1596,205,1
spammer1597,spammer1597@example.com,User 1597,2953,0
bot1598,bot1598@example.com,User 1598,2702,0
wissal1599,wissal1599@spam.com,User 1599,2118,1
student1600,student1600@tempmail.com,User 1600,1161,1
user1601,user1601@hotmail.com,User 1601,1380,0
test1602,test1602@fake.org,User 1602,2626,1
spammer1603,spammer1603@spam.com,User 1603,567,1
student1604,student1604@gmail.com,User 1604,1132,0
test1605,test1605@example.com,User 1605,2358,0
alpha1606,alpha1606@gmail.com,User 1606,487,0
gamma1607,gamma1607@hotmail.com,User 1607,1368,0
alpha1608,alpha1608@outlook.com,User 1608,854,0
bot1609,bot1609@hotmail.com,User 1609,200,1
user1610,user1610@hotmail.com,User 1610,599,0
gamma1611,gamma1611@gmail.com,User 1611,612,0
gamma1612,gamma1612@tempmail.com,User 1612,1713,1
wissal1613,wissal1613@example.com,User 1613,172,1
alpha1614,alpha1614@yahoo.com,User 1614,2702,0
spammer1615,spammer1615@spam.com,User 1615,1558,1
wissal1616,wissal1616@gmail.com,User 1616,653,0
student1617,student1617@hotmail.com,User 1617,290,1
spammer1618,spammer1618@fraud.net,User 1618,1189,1
alpha1619,alpha1619@example.com,User 1619,1282,0
bot1620,bot1620@gmail.com,User 1620,2302,0
user1621,user1621@gmail.com,User 1621,2089,0
user1622,user1622@spam.com,User 1622,758,1
beta1623,beta1623@gmail.com,User 1623,396,1
alpha1624,alpha1624@fraud.net,User 1624,306,1
gamma1625,gamma1625@example.com,User 1625,1424,0
test1626,test1626@gmail.com,User 1626,2586,0
test1627,test1627@tempmail.com,User 1627,1691,1
test1628,test1628@tempmail.com,User 1628,2861,1
spammer1629,spammer1629@yahoo.com,User 1629,516,0
bot1630,bot1630@yahoo.com,User 1630,2826,0
alpha1631,alpha1631@gmail.com,User 1631,298,1
student1632,student1632@tempmail.com,User 1632,814,1
spammer1633,spammer1633@tempmail.com,User 1633,1496,1
gamma1634,gamma1634@hotmail.com,User 1634,2992,0
gamma1635,gamma1635@hotmail.com,User 1635,1750,0
beta1636,beta1636@gmail.com,User 1636,2054,0
spammer1637,spammer1637@gmail.com,User 1637,1004,0
alpha1638,alpha1638@fake.org,User 1638,2725,1
wissal1639,wissal1639@spam.com,User 1639,1539,1
test1640,test1640@outlook.com,User 1640,2697,0
gamma1641,gamma1641@fraud.net,User 1641,2214,1
normal1642,normal1642@gmail.com,User 1642,2496,0
alpha1643,alpha1643@example.com,User 1643,2733,0
bot1644,bot1644@outlook.com,User 1644,2784,0
wissal1645,wissal1645@example.com,User 1645,1951,0
spammer1646,spammer1646@gmail.com,User 1646,1668,0
alpha1647,alpha1647@gmail.com,User 1647,1766,0
spammer1648,spammer1648@hotmail.com,User 1648,864,0
beta1649,beta1649@outlook.com,User 1649,2562,0
user1650,user1650@outlook.com,User 1650,2415,0
student1651,student1651@gmail.com,User 1651,507,0
spammer1652,spammer1652@outlook.com,User 1652,2655,0
gamma1653,gamma1653@example.com,User 1653,2784,0
beta1654,beta1654@tempmail.com,User 1654,839,1
gamma1655,gamma1655@tempmail.com,User 1655,834,1
beta1656,beta1656@fraud.net,User 1656,1032,1
user1657,user1657@hotmail.com,User 1657,256,1
bot1658,bot1658@tempmail.com,User 1658,2875,1
student1659,student1659@gmail.com,User 1659,181,1
spammer1660,spammer1660@yahoo.com,User 1660,2113,0
test1661,test1661@hotmail.com,User 1661,1879,0
wissal1662,wissal1662@yahoo.com,User 1662,1409,0
student1663,student1663@spam.com,User 1663,2268,1
wissal1664,wissal1664@gmail.com,User 1664,2461,0
alpha1665,alpha1665@example.com,User 1665,695,0
bot1666,bot1666@gmail.com,User 1666,896,0
normal1667,normal1667@fraud.net,User 1667,1712,1
bot1668,bot1668@fake.org,User 1668,495,1
wissal1669,wissal1669@fake.org,User 1669,393,1
student1670,student1670@spam.com,User 1670,2179,1
test1671,test1671@outlook.com,User 1671,1459,0
alpha1672,alpha1672@fraud.net,User 1672,414,1
spammer1673,spammer1673@fake.org,User 1673,1134,1
student1674,student1674@outlook.com,User 1674,2950,0
user1675,user1675@example.com,User 1675,973,0
student1676,student1676@yahoo.com,User 1676,2111,0
test1677,test1677@hotmail.com,User 1677,757,0
normal1678,normal1678@gmail.com,User 1678,1818,0
wissal1679,wissal1679@hotmail.com,User 1679,614,0
spammer1680,spammer1680@yahoo.com,User 1680,2552,0
gamma1681,gamma1681@yahoo.com,User 1681,1966,0
wissal1682,wissal1682@outlook.com,User 1682,1746,0
spammer1683,spammer1683@outlook.com,User 1683,1715,0
alpha1684,alpha1684@yahoo.com,User 1684,408,0
student1685,student1685@outlook.com,User 1685,359,1
bot1686,bot1686@fraud.net,User 1686,2346,1
alpha1687,alpha1687@gmail.com,User 1687,542,0
normal1688,normal1688@hotmail.com,User 1688,1789,0
beta1689,beta1689@outlook.com,User 1689,2673,0
bot1690,bot1690@hotmail.com,User 1690,2024,0
gamma1691,gamma1691@gmail.com,User 1691,808,0
normal1692,normal1692@tempmail.com,User 1692,483,1
test1693,test1693@tempmail.com,User 1693,2819,1
beta1694,beta1694@outlook.com,User 1694,500,0
bot1695,bot1695@hotmail.com,User 1695,551,0
test1696,test1696@example.com,User 1696,2016,0
spammer1697,spammer1697@outlook.com,User 1697,2610,0
test1698,test1698@fake.org,User 1698,2022,1
test1699,test1699@fraud.net,User 1699,2848,1
bot1700,bot1700@example.com,User 1700,313,1
gamma1701,gamma1701@outlook.com,User 1701,1918,0
wissal1702,wissal1702@gmail.com,User 1702,3000,0
beta1703,beta1703@hotmail.com,User 1703,1609,0
gamma1704,gamma1704@gmail.com,User 1704,1894,0
normal1705,normal1705@outlook.com,User 1705,2564,0
alpha1706,alpha1706@hotmail.com,User 1706,718,0
test1707,test1707@gmail.com,User 1707,985,0
alpha1708,alpha1708@hotmail.com,User 1708,1847,0
student1709,student1709@gmail.com,User 1709,2281,0
alpha1710,alpha1710@hotmail.com,User 1710,2637,0
wissal1711,wissal1711@fraud.net,User 1711,2273,1
wissal1712,wissal1712@tempmail.com,User 1712,2126,1
student1713,student1713@fake.org,User 1713,1034,1
student1714,student1714@fraud.net,User 1714,567,1
test1715,test1715@example.com,User 1715,1065,0
gamma1716,gamma1716@yahoo.com,User 1716,2878,0
user1717,user1717@tempmail.com,User 1717,1344,1
gamma1718,gamma1718@example.com,User 1718,2222,0
wissal1719,wissal1719@gmail.com,User 1719,348,1
spammer1720,spammer1720@fake.org,User 1720,138,1
beta1721,beta1721@fake.org,User 1721,2905,1
bot1722,bot1722@fraud.net,User 1722,2107,1
wissal1723,wissal1723@outlook.com,User 1723,2355,0
test1724,test1724@hotmail.com,User 1724,1616,0
normal1725,normal1725@tempmail.com,User 1725,2433,1
student1726,student1726@yahoo.com,User 1726,1572,0
beta1727,beta1727@yahoo.com,User 1727,801,0
student1728,student1728@yahoo.com,User 1728,677,0
wissal1729,wissal1729@outlook.com,User 1729,2417,0
beta1730,beta1730@outlook.com,User 1730,942,0
user1731,user1731@outlook.com,User 1731,1784,0
gamma1732,gamma1732@outlook.com,User 1732,2386,0
alpha1733,alpha1733@yahoo.com,User 1733,2072,0
student1734,student1734@gmail.com,User 1734,1469,0
gamma1735,gamma1735@fake.org,User 1735,1671,1
normal1736,normal1736@spam.com,User 1736,2416,1
user1737,user1737@outlook.com,User 1737,2341,0
spammer1738,spammer1738@fraud.net,User 1738,951,1
wissal1739,wissal1739@tempmail.com,User 1739,572,1
gamma1740,gamma1740@fake.org,User 1740,982,1
wissal1741,wissal1741@example.com,User 1741,2564,0
user1742,user1742@example.com,User 1742,1933,0
normal1743,normal1743@gmail.com,User 1743,659,0
test1744,test1744@hotmail.com,User 1744,2307,0
test1745,test1745@fake.org,User 1745,1116,1
beta1746,beta1746@hotmail.com,User 1746,1300,0
normal1747,normal1747@yahoo.com,User 1747,1465,0
spammer1748,spammer1748@gmail.com,User 1748,1429,0
student1749,student1749@outlook.com,User 1749,2055,0
gamma1750,gamma1750@fraud.net,User 1750,1057,1
student1751,student1751@fraud.net,User 1751,2850,1
normal1752,normal1752@outlook.com,User 1752,210,1
student1753,student1753@tempmail.com,User 1753,2328,1
normal1754,normal1754@spam.com,User 1754,1149,1
alpha1755,alpha1755@fake.org,User 1755,1045,1
beta1756,beta1756@fraud.net,User 1756,2589,1
wissal1757,wissal1757@yahoo.com,User 1757,460,0
normal1758,normal1758@fraud.net,User 1758,2596,1
wissal1759,wissal1759@gmail.com,User 1759,1028,0
student1760,student1760@example.com,User 1760,349,1
gamma1761,gamma1761@gmail.com,User 1761,162,1
bot1762,bot1762@hotmail.com,User 1762,1650,0
student1763,student1763@gmail.com,User 1763,2663,0
student1764,student1764@yahoo.com,User 1764,1690,0
bot1765,bot1765@outlook.com,User 1765,292,1
beta1766,beta1766@spam.com,User 1766,2354,1
test1767,test1767@yahoo.com,User 1767,2585,0
alpha1768,alpha1768@gmail.com,User 1768,2200,0
wissal1769,wissal1769@yahoo.com,User 1769,608,0
beta1770,beta1770@yahoo.com,User 1770,2204,0
normal1771,normal1771@gmail.com,User 1771,1331,0
test1772,test1772@yahoo.com,User 1772,2484,0
user1773,user1773@tempmail.com,User 1773,628,1
gamma1774,gamma1774@example.com,User 1774,161,1
gamma1775,gamma1775@spam.com,User 1775,1389,1
student1776,student1776@tempmail.com,User 1776,1253,1
bot1777,bot1777@fraud.net,User 1777,1340,1
test1778,test1778@spam.com,User 1778,109,1
normal1779,normal1779@outlook.com,User 1779,2826,0
wissal1780,wissal1780@example.com,User 1780,2672,0
spammer1781,spammer1781@tempmail.com,User 1781,2294,1
test1782,test1782@hotmail.com,User 1782,1086,0
gamma1783,gamma1783@hotmail.com,User 1783,1593,0
test1784,test1784@yahoo.com,User 1784,240,1
alpha1785,alpha1785@example.com,User 1785,177,1
alpha1786,alpha1786@outlook.com,User 1786,1375,0
test1787,test1787@fraud.net,User 1787,1383,1
alpha1788,alpha1788@example.com,User 1788,362,1
student1789,student1789@example.com,User 1789,1583,0
beta1790,beta1790@hotmail.com,User 1790,1277,0
user1791,user1791@fake.org,User 1791,2892,1
test1792,test1792@yahoo.com,User 1792,569,0
gamma1793,gamma1793@tempmail.com,User 1793,2711,1
normal1794,normal1794@outlook.com,User 1794,2496,0
wissal1795,wissal1795@fraud.net,User 1795,613,1
user1796,user1796@gmail.com,User 1796,700,0
gamma1797,gamma1797@fake.org,User 1797,2118,1
test1798,test1798@tempmail.com,User 1798,739,1
user1799,user1799@fake.org,User 1799,431,1
spammer1800,spammer1800@spam.com,User 1800,2746,1
alpha1801,alpha1801@outlook.com,User 1801,1177,0
alpha1802,alpha1802@gmail.com,User 1802,737,0
student1803,student1803@gmail.com,User 1803,1486,0
user1804,user1804@fraud.net,User 1804,505,1
spammer1805,spammer1805@tempmail.com,User 1805,2944,1
spammer1806,spammer1806@fake.org,User 1806,1960,1
alpha1807,alpha1807@spam.com,User 1807,2590,1
wissal1808,wissal1808@gmail.com,User 1808,449,0
bot1809,bot1809@yahoo.com,User 1809,2035,0
beta1810,beta1810@example.com,User 1810,1818,0
beta1811,beta1811@fraud.net,User 1811,1389,1
student1812,student1812@yahoo.com,User 1812,254,1
student1813,student1813@fake.org,User 1813,2380,1
bot1814,bot1814@gmail.com,User 1814,2134,0
bot1815,bot1815@spam.com,User 1815,908,1
alpha1816,alpha1816@outlook.com,User 1816,248,1
spammer1817,spammer1817@gmail.com,User 1817,659,0
spammer1818,spammer1818@fake.org,User 1818,1096,1
student1819,student1819@gmail.com,User 1819,325,1
wissal1820,wissal1820@outlook.com,User 1820,1964,0
test1821,test1821@fraud.net,User 1821,665,1
test1822,test1822@example.com,User 1822,264,1
beta1823,beta1823@example.com,User 1823,2894,0
gamma1824,gamma1824@gmail.com,User 1824,2111,0
beta1825,beta1825@example.com,User 1825,216,1
test1826,test1826@yahoo.com,User 1826,2569,0
spammer1827,spammer1827@hotmail.com,User 1827,1520,0
gamma1828,gamma1828@outlook.com,User 1828,1372,0
bot1829,bot1829@hotmail.com,User 1829,1424,0
student1830,student1830@example.com,User 1830,692,0
beta1831,beta1831@gmail.com,User 1831,2369,0
spammer1832,spammer1832@hotmail.com,User 1832,669,0
beta1833,beta1833@example.com,User 1833,2272,0
bot1834,bot1834@outlook.com,User 1834,1366,0
alpha1835,alpha1835@tempmail.com,User 1835,1186,1
bot1836,bot1836@outlook.com,User 1836,1621,0
alpha1837,alpha1837@tempmail.com,User 1837,924,1
gamma1838,gamma1838@fraud.net,User 1838,1850,1
beta1839,beta1839@hotmail.com,User 1839,1973,0
spammer1840,spammer1840@example.com,User 1840,672,0
user1841,user1841@tempmail.com,User 1841,380,1
wissal1842,wissal1842@gmail.com,User 1842,1640,0
beta1843,beta1843@outlook.com,User 1843,893,0
user1844,user1844@gmail.com,User 1844,2614,0
gamma1845,gamma1845@hotmail.com,User 1845,2949,0
gamma1846,gamma1846@tempmail.com,User 1846,2050,1
spammer1847,spammer1847@example.com,User 1847,150,1
spammer1848,spammer1848@yahoo.com,User 1848,200,1
alpha1849,alpha1849@outlook.com,User 1849,2568,0
student1850,student1850@outlook.com,User 1850,2849,0
normal1851,normal1851@hotmail.com,User 1851,458,0
beta1852,beta1852@fake.org,User 1852,1737,1
gamma1853,gamma1853@gmail.com,User 1853,1927,0
user1854,user1854@yahoo.com,User 1854,2681,0
student1855,student1855@gmail.com,User 1855,2741,0
user1856,user1856@outlook.com,User 1856,1928,0
wissal1857,wissal1857@spam.com,User 1857,1780,1
student1858,student1858@hotmail.com,User 1858,743,0
student1859,student1859@fake.org,User 1859,255,1
bot1860,bot1860@gmail.com,User 1860,597,0
user1861,user1861@yahoo.com,User 1861,1892,0
normal1862,normal1862@tempmail.com,User 1862,630,1
normal1863,normal1863@yahoo.com,User 1863,822,0
beta1864,beta1864@fake.org,User 1864,1594,1
student1865,student1865@hotmail.com,User 1865,1903,0
normal1866,normal1866@spam.com,User 1866,2213,1
bot1867,bot1867@hotmail.com,User 1867,1096,0
normal1868,normal1868@fake.org,User 1868,1841,1
normal1869,normal1869@outlook.com,User 1869,1903,0
student1870,student1870@fake.org,User 1870,2985,1
test1871,test1871@outlook.com,User 1871,1030,0
bot1872,bot1872@fake.org,User 1872,2300,1
beta1873,beta1873@yahoo.com,User 1873,1237,0
user1874,user1874@gmail.com,User 1874,2337,0
student1875,student1875@tempmail.com,User 1875,2478,1
gamma1876,gamma1876@example.com,User 1876,982,0
test1877,test1877@example.com,User 1877,2291,0
wissal1878,wissal1878@gmail.com,User 1878,1715,0
test1879,test1879@yahoo.com,User 1879,230,1
spammer1880,spammer1880@hotmail.com,User 1880,1747,0
gamma1881,gamma1881@tempmail.com,User 1881,872,1
test1882,test1882@spam.com,User 1882,146,1
user1883,user1883@fake.org,User 1883,556,1
alpha1884,alpha1884@hotmail.com,User 1884,1732,0
spammer1885,spammer1885@tempmail.com,User 1885,1513,1
user1886,user1886@hotmail.com,User 1886,161,1
student1887,student1887@tempmail.com,User 1887,2100,1
bot1888,bot1888@fraud.net,User 1888,1905,1
gamma1889,gamma1889@example.com,User 1889,1697,0
spammer1890,spammer1890@hotmail.com,User 1890,2889,0
normal1891,normal1891@example.com,User 1891,1466,0
beta1892,beta1892@fraud.net,User 1892,2728,1
wissal1893,wissal1893@tempmail.com,User 1893,1719,1
normal1894,normal1894@yahoo.com,User 1894,2177,0
bot1895,bot1895@tempmail.com,User 1895,1299,1
user1896,user1896@example.com,User 1896,1159,0
wissal1897,wissal1897@hotmail.com,User 1897,1692,0
gamma1898,gamma1898@outlook.com,User 1898,2851,0
test1899,test1899@hotmail.com,User 1899,2507,0
user1900,user1900@example.com,User 1900,520,0
student1901,student1901@example.com,User 1901,251,1
user1902,user1902@yahoo.com,User 1902,1239,0
normal1903,normal1903@yahoo.com,User 1903,1661,0
test1904,test1904@yahoo.com,User 1904,545,0
bot1905,bot1905@example.com,User 1905,801,0
normal1906,normal1906@example.com,User 1906,2183,0
wissal1907,wissal1907@gmail.com,User 1907,1306,0
test1908,test1908@yahoo.com,User 1908,2059,0
beta1909,beta1909@spam.com,User 1909,2544,1
spammer1910,spammer1910@gmail.com,User 1910,104,1
bot1911,bot1911@gmail.com,User 1911,2288,0
alpha1912,alpha1912@fake.org,User 1912,1426,1
beta1913,beta1913@example.com,User 1913,1713,0
user1914,user1914@example.com,User 1914,860,0
test1915,test1915@example.com,User 1915,2365,0
user1916,user1916@fake.org,User 1916,661,1
student1917,student1917@hotmail.com,User 1917,1362,0
beta1918,beta1918@tempmail.com,User 1918,559,1
spammer1919,spammer1919@fraud.net,User 1919,626,1
test1920,test1920@example.com,User 1920,220,1
user1921,user1921@yahoo.com,User 1921,814,0
normal1922,normal1922@spam.com,User 1922,2053,1
spammer1923,spammer1923@gmail.com,User 1923,423,0
user1924,user1924@outlook.com,User 1924,1825,0
gamma1925,gamma1925@outlook.com,User 1925,2544,0
student1926,student1926@fake.org,User 1926,409,1
gamma1927,gamma1927@fraud.net,User 1927,1878,1
bot1928,bot1928@gmail.com,User 1928,2648,0
wissal1929,wissal1929@fake.org,User 1929,638,1
wissal1930,wissal1930@fake.org,User 1930,2815,1
student1931,student1931@hotmail.com,User 1931,276,1
student1932,student1932@example.com,User 1932,1490,0
test1933,test1933@outlook.com,User 1933,1080,0
normal1934,normal1934@gmail.com,User 1934,933,0
normal1935,normal1935@yahoo.com,User 1935,2187,0
bot1936,bot1936@outlook.com,User 1936,1180,0
normal1937,normal1937@gmail.com,User 1937,1790,0
normal1938,normal1938@tempmail.com,User 1938,2742,1
user1939,user1939@yahoo.com,User 1939,248,1
user1940,user1940@outlook.com,User 1940,2884,0
gamma1941,gamma1941@fake.org,User 1941,1695,1
student1942,student1942@hotmail.com,User 1942,2012,0
test1943,test1943@example.com,User 1943,2297,0
alpha1944,alpha1944@gmail.com,User 1944,1234,0
wissal1945,wissal1945@example.com,User 1945,897,0
wissal1946,wissal1946@outlook.com,User 1946,1139,0
alpha1947,alpha1947@fake.org,User 1947,1208,1
user1948,user1948@outlook.com,User 1948,2802,0
student1949,student1949@hotmail.com,User 1949,2783,0
bot1950,bot1950@gmail.com,User 1950,692,0
normal1951,normal1951@yahoo.com,User 1951,564,0
spammer1952,spammer1952@outlook.com,User 1952,2741,0
student1953,student1953@fake.org,User 1953,996,1
bot1954,bot1954@yahoo.com,User 1954,300,1
test1955,test1955@gmail.com,User 1955,2146,0
spammer1956,spammer1956@example.com,User 1956,2806,0
bot1957,bot1957@outlook.com,User 1957,269,1
test1958,test1958@gmail.com,User 1958,752,0
wissal1959,wissal1959@outlook.com,User 1959,186,1
bot1960,bot1960@fake.org,User 1960,1767,1
beta1961,beta1961@example.com,User 1961,2940,0
student1962,student1962@hotmail.com,User 1962,1196,0
spammer1963,spammer1963@example.com,User 1963,2428,0
normal1964,normal1964@hotmail.com,User 1964,1214,0
alpha1965,alpha1965@hotmail.com,User 1965,2958,0
test1966,test1966@fraud.net,User 1966,2390,1
bot1967,bot1967@hotmail.com,User 1967,2807,0
beta1968,beta1968@outlook.com,User 1968,2454,0
gamma1969,gamma1969@fake.org,User 1969,102,1
spammer1970,spammer1970@fraud.net,User 1970,1625,1
test1971,test1971@spam.com,User 1971,470,1
spammer1972,spammer1972@yahoo.com,User 1972,939,0
alpha1973,alpha1973@hotmail.com,User 1973,629,0
student1974,student1974@outlook.com,User 1974,658,0
spammer1975,spammer1975@hotmail.com,User 1975,1239,0
gamma1976,gamma1976@hotmail.com,User 1976,2868,0
wissal1977,wissal1977@outlook.com,User 1977,1054,0
gamma1978,gamma1978@gmail.com,User 1978,880,0
gamma1979,gamma1979@outlook.com,User 1979,253,1
beta1980,beta1980@yahoo.com,User 1980,524,0
wissal1981,wissal1981@yahoo.com,User 1981,930,0
alpha1982,alpha1982@gmail.com,User 1982,2002,0
gamma1983,gamma1983@fraud.net,User 1983,2382,1
bot1984,bot1984@gmail.com,User 1984,2542,0
gamma1985,gamma1985@outlook.com,User 1985,2346,0
test1986,test1986@example.com,User 1986,2699,0
gamma1987,gamma1987@yahoo.com,User 1987,2323,0
wissal1988,wissal1988@yahoo.com,User 1988,1070,0
student1989,student1989@yahoo.com,User 1989,1740,0
test1990,test1990@gmail.com,User 1990,1594,0
normal1991,normal1991@spam.com,User 1991,326,1
student1992,student1992@fraud.net,User 1992,2666,1
wissal1993,wissal1993@example.com,User 1993,506,0
spammer1994,spammer1994@outlook.com,User 1994,702,0
test1995,test1995@fraud.net,User 1995,800,1
beta1996,beta1996@hotmail.com,User 1996,1711,0
bot1997,bot1997@outlook.com,User 1997,408,0
wissal1998,wissal1998@hotmail.com,User 1998,2575,0
bot1999,bot1999@outlook.com,User 1999,1739,0
